plate_name,plate_barcode,position,cell_type,incubation inducer,inhibitor,inhibitor_concentration_value,inhibitor_concentration_unit,inhibitor_concentration,inducer1,inducer1_concentration_value,inducer1_concentration_unit,inducer1_concentration,inducer2,inducer2_concentration_value,inducer2_concentration_unit,inducer2_concentration,plate_position
70117_20230210MM1_P1,430420,B06,PBMC,6 h,DMSO,0.025,%,0.03%,DMSO,0.1,%,0.10%,,,,,430420_B06
70117_20230210MM1_P1,430420,C06,PBMC,6 h,DMSO,0.025,%,0.03%,DMSO,0.1,%,0.10%,,,,,430420_C06
70117_20230210MM1_P1,430420,I06,PBMC,6 h,DMSO,0.025,%,0.03%,DMSO,0.1,%,0.10%,,,,,430420_I06
70117_20230210MM1_P1,430420,J06,PBMC,6 h,DMSO,0.025,%,0.03%,DMSO,0.1,%,0.10%,,,,,430420_J06
70117_20230210MM1_P1,430420,B07,PBMC,6 h,DMSO,0.025,%,0.03%,DMSO,0.1,%,0.10%,,,,,430420_B07
70117_20230210MM1_P1,430420,C07,PBMC,6 h,DMSO,0.025,%,0.03%,DMSO,0.1,%,0.10%,,,,,430420_C07
70117_20230210MM1_P1,430420,I07,PBMC,6 h,DMSO,0.025,%,0.03%,DMSO,0.1,%,0.10%,,,,,430420_I07
70117_20230210MM1_P1,430420,J07,PBMC,6 h,DMSO,0.025,%,0.03%,DMSO,0.1,%,0.10%,,,,,430420_J07
70117_20230210MM1_P1,430420,C012,PBMC,6 h,DMSO,1.0,%,1%,DMSO,0.1,%,0.10%,,,,,430420_C012
70117_20230210MM1_P1,430420,D012,PBMC,6 h,Z-VAD-FMK,100.0,µM,100 µM,DMSO,0.1,%,0.10%,,,,,430420_D012
70117_20230210MM1_P1,430420,E012,PBMC,6 h,Z-VAD-FMK,30.0,µM,30 µM,DMSO,0.1,%,0.10%,,,,,430420_E012
70117_20230210MM1_P1,430420,F012,PBMC,6 h,Z-VAD-FMK,100.0,µM,100 µM,DMSO,0.1,%,0.10%,,,,,430420_F012
70117_20230210MM1_P1,430420,G012,PBMC,6 h,Z-VAD-FMK,30.0,µM,30 µM,DMSO,0.1,%,0.10%,,,,,430420_G012
70117_20230210MM1_P1,430420,H012,PBMC,6 h,DMSO,1.0,%,1%,DMSO,0.1,%,0.10%,,,,,430420_H012
70117_20230210MM1_P1,430420,J012,PBMC,6 h,DMSO,1.0,%,1%,DMSO,0.1,%,0.10%,,,,,430420_J012
70117_20230210MM1_P1,430420,K012,PBMC,6 h,Z-VAD-FMK,100.0,µM,100 µM,DMSO,0.1,%,0.10%,,,,,430420_K012
70117_20230210MM1_P1,430420,L012,PBMC,6 h,Z-VAD-FMK,30.0,µM,30 µM,DMSO,0.1,%,0.10%,,,,,430420_L012
70117_20230210MM1_P1,430420,M012,PBMC,6 h,Z-VAD-FMK,100.0,µM,100 µM,DMSO,0.1,%,0.10%,,,,,430420_M012
70117_20230210MM1_P1,430420,N012,PBMC,6 h,Z-VAD-FMK,30.0,µM,30 µM,DMSO,0.1,%,0.10%,,,,,430420_N012
70117_20230210MM1_P1,430420,O012,PBMC,6 h,DMSO,1.0,%,1%,DMSO,0.1,%,0.10%,,,,,430420_O012
70117_20230210MM1_P1,430420,C013,SH-SY5Y,6 h,DMSO,1.0,%,1%,DMSO,0.1,%,0.10%,,,,,430420_C013
70117_20230210MM1_P1,430420,D013,SH-SY5Y,6 h,Z-VAD-FMK,100.0,µM,100 µM,DMSO,0.1,%,0.10%,,,,,430420_D013
70117_20230210MM1_P1,430420,E013,SH-SY5Y,6 h,Z-VAD-FMK,30.0,µM,30 µM,DMSO,0.1,%,0.10%,,,,,430420_E013
70117_20230210MM1_P1,430420,F013,SH-SY5Y,6 h,Z-VAD-FMK,100.0,µM,100 µM,DMSO,0.1,%,0.10%,,,,,430420_F013
70117_20230210MM1_P1,430420,G013,SH-SY5Y,6 h,Z-VAD-FMK,30.0,µM,30 µM,DMSO,0.1,%,0.10%,,,,,430420_G013
70117_20230210MM1_P1,430420,H013,SH-SY5Y,6 h,DMSO,1.0,%,1%,DMSO,0.1,%,0.10%,,,,,430420_H013
70117_20230210MM1_P1,430420,J013,SH-SY5Y,6 h,DMSO,1.0,%,1%,DMSO,0.1,%,0.10%,,,,,430420_J013
70117_20230210MM1_P1,430420,K013,SH-SY5Y,6 h,Z-VAD-FMK,100.0,µM,100 µM,DMSO,0.1,%,0.10%,,,,,430420_K013
70117_20230210MM1_P1,430420,L013,SH-SY5Y,6 h,Z-VAD-FMK,30.0,µM,30 µM,DMSO,0.1,%,0.10%,,,,,430420_L013
70117_20230210MM1_P1,430420,M013,SH-SY5Y,6 h,Z-VAD-FMK,100.0,µM,100 µM,DMSO,0.1,%,0.10%,,,,,430420_M013
70117_20230210MM1_P1,430420,N013,SH-SY5Y,6 h,Z-VAD-FMK,30.0,µM,30 µM,DMSO,0.1,%,0.10%,,,,,430420_N013
70117_20230210MM1_P1,430420,O013,SH-SY5Y,6 h,DMSO,1.0,%,1%,DMSO,0.1,%,0.10%,,,,,430420_O013
70117_20230210MM1_P1,430420,B014,SH-SY5Y,6 h,DMSO,0.025,%,0.03%,DMSO,0.1,%,0.10%,,,,,430420_B014
70117_20230210MM1_P1,430420,C014,SH-SY5Y,6 h,DMSO,0.025,%,0.03%,DMSO,0.1,%,0.10%,,,,,430420_C014
70117_20230210MM1_P1,430420,I014,SH-SY5Y,6 h,DMSO,0.025,%,0.03%,DMSO,0.1,%,0.10%,,,,,430420_I014
70117_20230210MM1_P1,430420,J014,SH-SY5Y,6 h,DMSO,0.025,%,0.03%,DMSO,0.1,%,0.10%,,,,,430420_J014
70117_20230210MM1_P1,430420,B015,SH-SY5Y,6 h,DMSO,0.025,%,0.03%,DMSO,0.1,%,0.10%,,,,,430420_B015
70117_20230210MM1_P1,430420,C015,SH-SY5Y,6 h,DMSO,0.025,%,0.03%,DMSO,0.1,%,0.10%,,,,,430420_C015
70117_20230210MM1_P1,430420,I015,SH-SY5Y,6 h,DMSO,0.025,%,0.03%,DMSO,0.1,%,0.10%,,,,,430420_I015
70117_20230210MM1_P1,430420,J015,SH-SY5Y,6 h,DMSO,0.025,%,0.03%,DMSO,0.1,%,0.10%,,,,,430420_J015
70117_20230210MM1_P1,430420,M05,PBMC,6 h,DMSO,0.025,%,0.03%,Flagellin,1.0,µg/ml,1 µg/ml,,,,,430420_M05
70117_20230210MM1_P1,430420,N05,PBMC,6 h,Disulfiram,1.0,µM,1 µM,Flagellin,1.0,µg/ml,1 µg/ml,,,,,430420_N05
70117_20230210MM1_P1,430420,O018,SH-SY5Y,6 h,Media ctr,,,,media ctr,,,,,,,,430420_O018
70117_20230210MM1_P1,430420,O019,SH-SY5Y,6 h,Media ctr,,,,media ctr,,,,,,,,430420_O019
70117_20230210MM1_P1,430420,B02,PBMC,6 h,DMSO,0.025,%,0.03%,LPS,0.01,µg/ml,0.01 µg/ml,,,,,430420_B02
70117_20230210MM1_P1,430420,B03,PBMC,6 h,DMSO,0.025,%,0.03%,LPS,0.01,µg/ml,0.01 µg/ml,,,,,430420_B03
70117_20230210MM1_P1,430420,B08,PBMC,6 h,DMSO,0.025,%,0.03%,LPS,0.01,µg/ml,0.01 µg/ml,,,,,430420_B08
70117_20230210MM1_P1,430420,B09,PBMC,6 h,DMSO,0.025,%,0.03%,LPS,0.01,µg/ml,0.01 µg/ml,,,,,430420_B09
70117_20230210MM1_P1,430420,B016,SH-SY5Y,6 h,DMSO,0.025,%,0.03%,LPS,0.01,µg/ml,0.01 µg/ml,,,,,430420_B016
70117_20230210MM1_P1,430420,B017,SH-SY5Y,6 h,DMSO,0.025,%,0.03%,LPS,0.01,µg/ml,0.01 µg/ml,,,,,430420_B017
70117_20230210MM1_P1,430420,B020,SH-SY5Y,6 h,DMSO,0.025,%,0.03%,LPS,0.01,µg/ml,0.01 µg/ml,,,,,430420_B020
70117_20230210MM1_P1,430420,B021,SH-SY5Y,6 h,DMSO,0.025,%,0.03%,LPS,0.01,µg/ml,0.01 µg/ml,,,,,430420_B021
70117_20230210MM1_P1,430420,C02,PBMC,6 h,DMSO,0.025,%,0.03%,LPS,0.1,µg/ml,0.1 µg/ml,,,,,430420_C02
70117_20230210MM1_P1,430420,C03,PBMC,6 h,DMSO,0.025,%,0.03%,LPS,0.1,µg/ml,0.1 µg/ml,,,,,430420_C03
70117_20230210MM1_P1,430420,L04,PBMC,6 h,DMSO,0.00025,%,0.00%,Flagellin,0.1,µg/ml,0.1 µg/ml,,,,,430420_L04
70117_20230210MM1_P1,430420,L05,PBMC,6 h,DMSO,0.025,%,0.03%,Flagellin,0.1,µg/ml,0.1 µg/ml,,,,,430420_L05
70117_20230210MM1_P1,430420,C08,PBMC,6 h,DMSO,0.025,%,0.03%,LPS,0.1,µg/ml,0.1 µg/ml,,,,,430420_C08
70117_20230210MM1_P1,430420,C09,PBMC,6 h,DMSO,0.025,%,0.03%,LPS,0.1,µg/ml,0.1 µg/ml,,,,,430420_C09
70117_20230210MM1_P1,430420,L010,PBMC,6 h,DMSO,0.025,%,0.03%,Flagellin,0.1,µg/ml,0.1 µg/ml,,,,,430420_L010
70117_20230210MM1_P1,430420,L011,PBMC,6 h,DMSO,0.025,%,0.03%,Flagellin,0.1,µg/ml,0.1 µg/ml,,,,,430420_L011
70117_20230210MM1_P1,430420,C016,SH-SY5Y,6 h,DMSO,0.025,%,0.03%,LPS,0.1,µg/ml,0.1 µg/ml,,,,,430420_C016
70117_20230210MM1_P1,430420,C017,SH-SY5Y,6 h,DMSO,0.025,%,0.03%,LPS,0.1,µg/ml,0.1 µg/ml,,,,,430420_C017
70117_20230210MM1_P1,430420,L018,SH-SY5Y,6 h,DMSO,0.025,%,0.03%,Flagellin,0.1,µg/ml,0.1 µg/ml,,,,,430420_L018
70117_20230210MM1_P1,430420,L019,SH-SY5Y,6 h,DMSO,0.025,%,0.03%,Flagellin,0.1,µg/ml,0.1 µg/ml,,,,,430420_L019
70117_20230210MM1_P1,430420,C020,SH-SY5Y,6 h,DMSO,0.025,%,0.03%,LPS,0.1,µg/ml,0.1 µg/ml,,,,,430420_C020
70117_20230210MM1_P1,430420,C021,SH-SY5Y,6 h,DMSO,0.025,%,0.03%,LPS,0.1,µg/ml,0.1 µg/ml,,,,,430420_C021
70117_20230210MM1_P1,430420,L022,SH-SY5Y,6 h,DMSO,0.025,%,0.03%,Flagellin,0.1,µg/ml,0.1 µg/ml,,,,,430420_L022
70117_20230210MM1_P1,430420,L023,SH-SY5Y,6 h,DMSO,0.025,%,0.03%,Flagellin,0.1,µg/ml,0.1 µg/ml,,,,,430420_L023
70117_20230210MM1_P1,430420,E04,PBMC,6 h,DMSO,0.025,%,0.03%,Disulfiram,0.1,µM,0.1 µM,,,,,430420_E04
70117_20230210MM1_P1,430420,E05,PBMC,6 h,DMSO,0.025,%,0.03%,Disulfiram,0.1,µM,0.1 µM,,,,,430420_E05
70117_20230210MM1_P1,430420,E010,PBMC,6 h,DMSO,0.025,%,0.03%,Disulfiram,0.1,µM,0.1 µM,,,,,430420_E010
70117_20230210MM1_P1,430420,E011,PBMC,6 h,DMSO,0.025,%,0.03%,Disulfiram,0.1,µM,0.1 µM,,,,,430420_E011
70117_20230210MM1_P1,430420,E018,SH-SY5Y,6 h,DMSO,0.025,%,0.03%,Disulfiram,0.1,µM,0.1 µM,,,,,430420_E018
70117_20230210MM1_P1,430420,E019,SH-SY5Y,6 h,DMSO,0.025,%,0.03%,Disulfiram,0.1,µM,0.1 µM,,,,,430420_E019
70117_20230210MM1_P1,430420,E022,SH-SY5Y,6 h,DMSO,0.025,%,0.03%,Disulfiram,0.1,µM,0.1 µM,,,,,430420_E022
70117_20230210MM1_P1,430420,E023,SH-SY5Y,6 h,DMSO,0.025,%,0.03%,Disulfiram,0.1,µM,0.1 µM,,,,,430420_E023
70117_20230210MM1_P1,430420,K02,PBMC,6 h,DMSO,0.025,%,0.03%,LPS,1.0,µg/ml,1 µg/ml,Nigericin,1.0,µM,1 µM,430420_K02
70117_20230210MM1_P1,430420,K03,PBMC,6 h,DMSO,0.025,%,0.03%,LPS,1.0,µg/ml,1 µg/ml,Nigericin,1.0,µM,1 µM,430420_K03
70117_20230210MM1_P1,430420,K08,PBMC,6 h,DMSO,0.025,%,0.03%,LPS,1.0,µg/ml,1 µg/ml,Nigericin,1.0,µM,1 µM,430420_K08
70117_20230210MM1_P1,430420,K09,PBMC,6 h,DMSO,0.025,%,0.03%,LPS,1.0,µg/ml,1 µg/ml,Nigericin,1.0,µM,1 µM,430420_K09
70117_20230210MM1_P1,430420,K016,SH-SY5Y,6 h,DMSO,0.025,%,0.03%,LPS,1.0,µg/ml,1 µg/ml,Nigericin,1.0,µM,1 µM,430420_K016
70117_20230210MM1_P1,430420,K017,SH-SY5Y,6 h,DMSO,0.025,%,0.03%,LPS,1.0,µg/ml,1 µg/ml,Nigericin,1.0,µM,1 µM,430420_K017
70117_20230210MM1_P1,430420,K020,SH-SY5Y,6 h,DMSO,0.025,%,0.03%,LPS,1.0,µg/ml,1 µg/ml,Nigericin,1.0,µM,1 µM,430420_K020
70117_20230210MM1_P1,430420,K021,SH-SY5Y,6 h,DMSO,0.025,%,0.03%,LPS,1.0,µg/ml,1 µg/ml,Nigericin,1.0,µM,1 µM,430420_K021
70117_20230210MM1_P1,430420,M02,PBMC,6 h,DMSO,0.025,%,0.03%,LPS,1.0,µg/ml,1 µg/ml,Nigericin,10.0,µM,10 µM,430420_M02
70117_20230210MM1_P1,430420,N02,PBMC,6 h,Disulfiram,1.0,µM,1 µM,LPS,1.0,µg/ml,1 µg/ml,Nigericin,10.0,µM,10 µM,430420_N02
70117_20230210MM1_P1,430420,O02,PBMC,6 h,Z-VAD-FMK,100.0,µM,100 µM,LPS,1.0,µg/ml,1 µg/ml,Nigericin,10.0,µM,10 µM,430420_O02
70117_20230210MM1_P1,430420,M03,PBMC,6 h,DMSO,0.025,%,0.03%,LPS,1.0,µg/ml,1 µg/ml,Nigericin,10.0,µM,10 µM,430420_M03
70117_20230210MM1_P1,430420,N03,PBMC,6 h,Disulfiram,1.0,µM,1 µM,LPS,1.0,µg/ml,1 µg/ml,Nigericin,10.0,µM,10 µM,430420_N03
70117_20230210MM1_P1,430420,O03,PBMC,6 h,Z-VAD-FMK,100.0,µM,100 µM,LPS,1.0,µg/ml,1 µg/ml,Nigericin,10.0,µM,10 µM,430420_O03
70117_20230210MM1_P1,430420,M08,PBMC,6 h,DMSO,0.025,%,0.03%,LPS,1.0,µg/ml,1 µg/ml,Nigericin,10.0,µM,10 µM,430420_M08
70117_20230210MM1_P1,430420,N08,PBMC,6 h,Disulfiram,1.0,µM,1 µM,LPS,1.0,µg/ml,1 µg/ml,Nigericin,10.0,µM,10 µM,430420_N08
70117_20230210MM1_P1,430420,O08,PBMC,6 h,Z-VAD-FMK,100.0,µM,100 µM,LPS,1.0,µg/ml,1 µg/ml,Nigericin,10.0,µM,10 µM,430420_O08
70117_20230210MM1_P1,430420,M09,PBMC,6 h,DMSO,0.025,%,0.03%,LPS,1.0,µg/ml,1 µg/ml,Nigericin,10.0,µM,10 µM,430420_M09
70117_20230210MM1_P1,430420,N09,PBMC,6 h,Disulfiram,1.0,µM,1 µM,LPS,1.0,µg/ml,1 µg/ml,Nigericin,10.0,µM,10 µM,430420_N09
70117_20230210MM1_P1,430420,O09,PBMC,6 h,Z-VAD-FMK,100.0,µM,100 µM,LPS,1.0,µg/ml,1 µg/ml,Nigericin,10.0,µM,10 µM,430420_O09
70117_20230210MM1_P1,430420,M016,SH-SY5Y,6 h,DMSO,0.025,%,0.03%,LPS,1.0,µg/ml,1 µg/ml,Nigericin,10.0,µM,10 µM,430420_M016
70117_20230210MM1_P1,430420,N016,SH-SY5Y,6 h,Disulfiram,1.0,µM,1 µM,LPS,1.0,µg/ml,1 µg/ml,Nigericin,10.0,µM,10 µM,430420_N016
70117_20230210MM1_P1,430420,O016,SH-SY5Y,6 h,Z-VAD-FMK,100.0,µM,100 µM,LPS,1.0,µg/ml,1 µg/ml,Nigericin,10.0,µM,10 µM,430420_O016
70117_20230210MM1_P1,430420,M017,SH-SY5Y,6 h,DMSO,0.025,%,0.03%,LPS,1.0,µg/ml,1 µg/ml,Nigericin,10.0,µM,10 µM,430420_M017
70117_20230210MM1_P1,430420,N017,SH-SY5Y,6 h,Disulfiram,1.0,µM,1 µM,LPS,1.0,µg/ml,1 µg/ml,Nigericin,10.0,µM,10 µM,430420_N017
70117_20230210MM1_P1,430420,O017,SH-SY5Y,6 h,Z-VAD-FMK,100.0,µM,100 µM,LPS,1.0,µg/ml,1 µg/ml,Nigericin,10.0,µM,10 µM,430420_O017
70117_20230210MM1_P1,430420,M020,SH-SY5Y,6 h,DMSO,0.025,%,0.03%,LPS,1.0,µg/ml,1 µg/ml,Nigericin,10.0,µM,10 µM,430420_M020
70117_20230210MM1_P1,430420,N020,SH-SY5Y,6 h,Disulfiram,1.0,µM,1 µM,LPS,1.0,µg/ml,1 µg/ml,Nigericin,10.0,µM,10 µM,430420_N020
70117_20230210MM1_P1,430420,O020,SH-SY5Y,6 h,Z-VAD-FMK,100.0,µM,100 µM,LPS,1.0,µg/ml,1 µg/ml,Nigericin,10.0,µM,10 µM,430420_O020
70117_20230210MM1_P1,430420,M021,SH-SY5Y,6 h,DMSO,0.025,%,0.03%,LPS,1.0,µg/ml,1 µg/ml,Nigericin,10.0,µM,10 µM,430420_M021
70117_20230210MM1_P1,430420,N021,SH-SY5Y,6 h,Disulfiram,1.0,µM,1 µM,LPS,1.0,µg/ml,1 µg/ml,Nigericin,10.0,µM,10 µM,430420_N021
70117_20230210MM1_P1,430420,O021,SH-SY5Y,6 h,Z-VAD-FMK,100.0,µM,100 µM,LPS,1.0,µg/ml,1 µg/ml,Nigericin,10.0,µM,10 µM,430420_O021
70117_20230210MM1_P1,430420,L02,PBMC,6 h,DMSO,0.025,%,0.03%,LPS,1.0,µg/ml,1 µg/ml,Nigericin,3.0,µM,3 µM,430420_L02
70117_20230210MM1_P1,430420,L03,PBMC,6 h,DMSO,0.025,%,0.03%,LPS,1.0,µg/ml,1 µg/ml,Nigericin,3.0,µM,3 µM,430420_L03
70117_20230210MM1_P1,430420,L08,PBMC,6 h,DMSO,0.025,%,0.03%,LPS,1.0,µg/ml,1 µg/ml,Nigericin,3.0,µM,3 µM,430420_L08
70117_20230210MM1_P1,430420,L09,PBMC,6 h,DMSO,0.025,%,0.03%,LPS,1.0,µg/ml,1 µg/ml,Nigericin,3.0,µM,3 µM,430420_L09
70117_20230210MM1_P1,430420,L016,SH-SY5Y,6 h,DMSO,0.025,%,0.03%,LPS,1.0,µg/ml,1 µg/ml,Nigericin,3.0,µM,3 µM,430420_L016
70117_20230210MM1_P1,430420,L017,SH-SY5Y,6 h,DMSO,0.025,%,0.03%,LPS,1.0,µg/ml,1 µg/ml,Nigericin,3.0,µM,3 µM,430420_L017
70117_20230210MM1_P1,430420,L020,SH-SY5Y,6 h,DMSO,0.025,%,0.03%,LPS,1.0,µg/ml,1 µg/ml,Nigericin,3.0,µM,3 µM,430420_L020
70117_20230210MM1_P1,430420,L021,SH-SY5Y,6 h,DMSO,0.025,%,0.03%,LPS,1.0,µg/ml,1 µg/ml,Nigericin,3.0,µM,3 µM,430420_L021
70117_20230210MM1_P1,430420,D02,PBMC,6 h,DMSO,0.025,%,0.03%,LPS,1.0,µg/ml,1 µg/ml,,,,,430420_D02
70117_20230210MM1_P1,430420,D03,PBMC,6 h,DMSO,0.025,%,0.03%,LPS,1.0,µg/ml,1 µg/ml,,,,,430420_D03
70117_20230210MM1_P1,430420,M04,PBMC,6 h,DMSO,0.00025,%,0.00%,Flagellin,1.0,µg/ml,1 µg/ml,,,,,430420_M04
70117_20230210MM1_P1,430420,N04,PBMC,6 h,Disulfiram,1.0,µM,1 µM,Flagellin,1.0,µg/ml,1 µg/ml,,,,,430420_N04
70117_20230210MM1_P1,430420,D08,PBMC,6 h,DMSO,0.025,%,0.03%,LPS,1.0,µg/ml,1 µg/ml,,,,,430420_D08
70117_20230210MM1_P1,430420,D09,PBMC,6 h,DMSO,0.025,%,0.03%,LPS,1.0,µg/ml,1 µg/ml,,,,,430420_D09
70117_20230210MM1_P1,430420,M010,PBMC,6 h,DMSO,0.025,%,0.03%,Flagellin,1.0,µg/ml,1 µg/ml,,,,,430420_M010
70117_20230210MM1_P1,430420,N010,PBMC,6 h,Disulfiram,1.0,µM,1 µM,Flagellin,1.0,µg/ml,1 µg/ml,,,,,430420_N010
70117_20230210MM1_P1,430420,M011,PBMC,6 h,DMSO,0.025,%,0.03%,Flagellin,1.0,µg/ml,1 µg/ml,,,,,430420_M011
70117_20230210MM1_P1,430420,N011,PBMC,6 h,Disulfiram,1.0,µM,1 µM,Flagellin,1.0,µg/ml,1 µg/ml,,,,,430420_N011
70117_20230210MM1_P1,430420,D016,SH-SY5Y,6 h,DMSO,0.025,%,0.03%,LPS,1.0,µg/ml,1 µg/ml,,,,,430420_D016
70117_20230210MM1_P1,430420,D017,SH-SY5Y,6 h,DMSO,0.025,%,0.03%,LPS,1.0,µg/ml,1 µg/ml,,,,,430420_D017
70117_20230210MM1_P1,430420,M018,SH-SY5Y,6 h,DMSO,0.025,%,0.03%,Flagellin,1.0,µg/ml,1 µg/ml,,,,,430420_M018
70117_20230210MM1_P1,430420,N018,SH-SY5Y,6 h,Disulfiram,1.0,µM,1 µM,Flagellin,1.0,µg/ml,1 µg/ml,,,,,430420_N018
70117_20230210MM1_P1,430420,M019,SH-SY5Y,6 h,DMSO,0.025,%,0.03%,Flagellin,1.0,µg/ml,1 µg/ml,,,,,430420_M019
70117_20230210MM1_P1,430420,N019,SH-SY5Y,6 h,Disulfiram,1.0,µM,1 µM,Flagellin,1.0,µg/ml,1 µg/ml,,,,,430420_N019
70117_20230210MM1_P1,430420,D020,SH-SY5Y,6 h,DMSO,0.025,%,0.03%,LPS,1.0,µg/ml,1 µg/ml,,,,,430420_D020
70117_20230210MM1_P1,430420,D021,SH-SY5Y,6 h,DMSO,0.025,%,0.03%,LPS,1.0,µg/ml,1 µg/ml,,,,,430420_D021
70117_20230210MM1_P1,430420,M022,SH-SY5Y,6 h,DMSO,0.025,%,0.03%,Flagellin,1.0,µg/ml,1 µg/ml,,,,,430420_M022
70117_20230210MM1_P1,430420,N022,SH-SY5Y,6 h,Disulfiram,1.0,µM,1 µM,Flagellin,1.0,µg/ml,1 µg/ml,,,,,430420_N022
70117_20230210MM1_P1,430420,M023,SH-SY5Y,6 h,DMSO,0.025,%,0.03%,Flagellin,1.0,µg/ml,1 µg/ml,,,,,430420_M023
70117_20230210MM1_P1,430420,N023,SH-SY5Y,6 h,Disulfiram,1.0,µM,1 µM,Flagellin,1.0,µg/ml,1 µg/ml,,,,,430420_N023
70117_20230210MM1_P1,430420,F04,PBMC,6 h,DMSO,0.025,%,0.03%,Disulfiram,1.0,µM,1 µM,,,,,430420_F04
70117_20230210MM1_P1,430420,F05,PBMC,6 h,DMSO,0.025,%,0.03%,Disulfiram,1.0,µM,1 µM,,,,,430420_F05
70117_20230210MM1_P1,430420,D06,PBMC,6 h,DMSO,0.025,%,0.03%,Thapsigargin,1.0,µM,1 µM,,,,,430420_D06
70117_20230210MM1_P1,430420,K06,PBMC,6 h,DMSO,0.025,%,0.03%,Thapsigargin,1.0,µM,1 µM,,,,,430420_K06
70117_20230210MM1_P1,430420,D07,PBMC,6 h,DMSO,0.025,%,0.03%,Thapsigargin,1.0,µM,1 µM,,,,,430420_D07
70117_20230210MM1_P1,430420,K07,PBMC,6 h,DMSO,0.025,%,0.03%,Thapsigargin,1.0,µM,1 µM,,,,,430420_K07
70117_20230210MM1_P1,430420,F010,PBMC,6 h,DMSO,0.025,%,0.03%,Disulfiram,1.0,µM,1 µM,,,,,430420_F010
70117_20230210MM1_P1,430420,F011,PBMC,6 h,DMSO,0.025,%,0.03%,Disulfiram,1.0,µM,1 µM,,,,,430420_F011
70117_20230210MM1_P1,430420,D014,SH-SY5Y,6 h,DMSO,0.025,%,0.03%,Thapsigargin,1.0,µM,1 µM,,,,,430420_D014
70117_20230210MM1_P1,430420,K014,SH-SY5Y,6 h,DMSO,0.025,%,0.03%,Thapsigargin,1.0,µM,1 µM,,,,,430420_K014
70117_20230210MM1_P1,430420,D015,SH-SY5Y,6 h,DMSO,0.025,%,0.03%,Thapsigargin,1.0,µM,1 µM,,,,,430420_D015
70117_20230210MM1_P1,430420,K015,SH-SY5Y,6 h,DMSO,0.025,%,0.03%,Thapsigargin,1.0,µM,1 µM,,,,,430420_K015
70117_20230210MM1_P1,430420,F018,SH-SY5Y,6 h,DMSO,0.025,%,0.03%,Disulfiram,1.0,µM,1 µM,,,,,430420_F018
70117_20230210MM1_P1,430420,F019,SH-SY5Y,6 h,DMSO,0.025,%,0.03%,Disulfiram,1.0,µM,1 µM,,,,,430420_F019
70117_20230210MM1_P1,430420,F022,SH-SY5Y,6 h,DMSO,0.025,%,0.03%,Disulfiram,1.0,µM,1 µM,,,,,430420_F022
70117_20230210MM1_P1,430420,F023,SH-SY5Y,6 h,DMSO,0.025,%,0.03%,Disulfiram,1.0,µM,1 µM,,,,,430420_F023
70117_20230210MM1_P1,430420,G06,PBMC,6 h,DMSO,0.025,%,0.03%,Topotecan,10.0,nM,10 nM,,,,,430420_G06
70117_20230210MM1_P1,430420,N06,PBMC,6 h,DMSO,0.025,%,0.03%,Topotecan,10.0,nM,10 nM,,,,,430420_N06
70117_20230210MM1_P1,430420,G07,PBMC,6 h,DMSO,0.025,%,0.03%,Topotecan,10.0,nM,10 nM,,,,,430420_G07
70117_20230210MM1_P1,430420,N07,PBMC,6 h,DMSO,0.025,%,0.03%,Topotecan,10.0,nM,10 nM,,,,,430420_N07
70117_20230210MM1_P1,430420,G014,SH-SY5Y,6 h,DMSO,0.025,%,0.03%,Topotecan,10.0,nM,10 nM,,,,,430420_G014
70117_20230210MM1_P1,430420,N014,SH-SY5Y,6 h,DMSO,0.025,%,0.03%,Topotecan,10.0,nM,10 nM,,,,,430420_N014
70117_20230210MM1_P1,430420,G015,SH-SY5Y,6 h,DMSO,0.025,%,0.03%,Topotecan,10.0,nM,10 nM,,,,,430420_G015
70117_20230210MM1_P1,430420,N015,SH-SY5Y,6 h,DMSO,0.025,%,0.03%,Topotecan,10.0,nM,10 nM,,,,,430420_N015
70117_20230210MM1_P1,430420,E02,PBMC,6 h,DMSO,0.025,%,0.03%,LPS,10.0,µg/ml,10 µg/ml,,,,,430420_E02
70117_20230210MM1_P1,430420,F02,PBMC,6 h,Disulfiram,0.1,µM,0.1 µM,LPS,10.0,µg/ml,10 µg/ml,,,,,430420_F02
70117_20230210MM1_P1,430420,G02,PBMC,6 h,Disulfiram,1.0,µM,1 µM,LPS,10.0,µg/ml,10 µg/ml,,,,,430420_G02
70117_20230210MM1_P1,430420,H02,PBMC,6 h,Disulfiram,2.5,µM,2.5 µM,LPS,10.0,µg/ml,10 µg/ml,,,,,430420_H02
70117_20230210MM1_P1,430420,I02,PBMC,6 h,Z-VAD-FMK,100.0,µM,100 µM,LPS,10.0,µg/ml,10 µg/ml,,,,,430420_I02
70117_20230210MM1_P1,430420,E03,PBMC,6 h,DMSO,0.025,%,0.03%,LPS,10.0,µg/ml,10 µg/ml,,,,,430420_E03
70117_20230210MM1_P1,430420,F03,PBMC,6 h,Disulfiram,0.1,µM,0.1 µM,LPS,10.0,µg/ml,10 µg/ml,,,,,430420_F03
70117_20230210MM1_P1,430420,G03,PBMC,6 h,Disulfiram,1.0,µM,1 µM,LPS,10.0,µg/ml,10 µg/ml,,,,,430420_G03
70117_20230210MM1_P1,430420,H03,PBMC,6 h,Disulfiram,2.5,µM,2.5 µM,LPS,10.0,µg/ml,10 µg/ml,,,,,430420_H03
70117_20230210MM1_P1,430420,I03,PBMC,6 h,Z-VAD-FMK,100.0,µM,100 µM,LPS,10.0,µg/ml,10 µg/ml,,,,,430420_I03
70117_20230210MM1_P1,430420,E08,PBMC,6 h,DMSO,0.025,%,0.03%,LPS,10.0,µg/ml,10 µg/ml,,,,,430420_E08
70117_20230210MM1_P1,430420,F08,PBMC,6 h,Disulfiram,0.1,µM,0.1 µM,LPS,10.0,µg/ml,10 µg/ml,,,,,430420_F08
70117_20230210MM1_P1,430420,G08,PBMC,6 h,Disulfiram,1.0,µM,1 µM,LPS,10.0,µg/ml,10 µg/ml,,,,,430420_G08
70117_20230210MM1_P1,430420,H08,PBMC,6 h,Disulfiram,2.5,µM,2.5 µM,LPS,10.0,µg/ml,10 µg/ml,,,,,430420_H08
70117_20230210MM1_P1,430420,I08,PBMC,6 h,Z-VAD-FMK,100.0,µM,100 µM,LPS,10.0,µg/ml,10 µg/ml,,,,,430420_I08
70117_20230210MM1_P1,430420,E09,PBMC,6 h,DMSO,0.025,%,0.03%,LPS,10.0,µg/ml,10 µg/ml,,,,,430420_E09
70117_20230210MM1_P1,430420,F09,PBMC,6 h,Disulfiram,0.1,µM,0.1 µM,LPS,10.0,µg/ml,10 µg/ml,,,,,430420_F09
70117_20230210MM1_P1,430420,G09,PBMC,6 h,Disulfiram,1.0,µM,1 µM,LPS,10.0,µg/ml,10 µg/ml,,,,,430420_G09
70117_20230210MM1_P1,430420,H09,PBMC,6 h,Disulfiram,2.5,µM,2.5 µM,LPS,10.0,µg/ml,10 µg/ml,,,,,430420_H09
70117_20230210MM1_P1,430420,I09,PBMC,6 h,Z-VAD-FMK,100.0,µM,100 µM,LPS,10.0,µg/ml,10 µg/ml,,,,,430420_I09
70117_20230210MM1_P1,430420,E016,SH-SY5Y,6 h,DMSO,0.025,%,0.03%,LPS,10.0,µg/ml,10 µg/ml,,,,,430420_E016
70117_20230210MM1_P1,430420,F016,SH-SY5Y,6 h,Disulfiram,0.1,µM,0.1 µM,LPS,10.0,µg/ml,10 µg/ml,,,,,430420_F016
70117_20230210MM1_P1,430420,G016,SH-SY5Y,6 h,Disulfiram,1.0,µM,1 µM,LPS,10.0,µg/ml,10 µg/ml,,,,,430420_G016
70117_20230210MM1_P1,430420,H016,SH-SY5Y,6 h,Disulfiram,2.5,µM,2.5 µM,LPS,10.0,µg/ml,10 µg/ml,,,,,430420_H016
70117_20230210MM1_P1,430420,I016,SH-SY5Y,6 h,Z-VAD-FMK,100.0,µM,100 µM,LPS,10.0,µg/ml,10 µg/ml,,,,,430420_I016
70117_20230210MM1_P1,430420,E017,SH-SY5Y,6 h,DMSO,0.025,%,0.03%,LPS,10.0,µg/ml,10 µg/ml,,,,,430420_E017
70117_20230210MM1_P1,430420,F017,SH-SY5Y,6 h,Disulfiram,0.1,µM,0.1 µM,LPS,10.0,µg/ml,10 µg/ml,,,,,430420_F017
70117_20230210MM1_P1,430420,G017,SH-SY5Y,6 h,Disulfiram,1.0,µM,1 µM,LPS,10.0,µg/ml,10 µg/ml,,,,,430420_G017
70117_20230210MM1_P1,430420,H017,SH-SY5Y,6 h,Disulfiram,2.5,µM,2.5 µM,LPS,10.0,µg/ml,10 µg/ml,,,,,430420_H017
70117_20230210MM1_P1,430420,I017,SH-SY5Y,6 h,Z-VAD-FMK,100.0,µM,100 µM,LPS,10.0,µg/ml,10 µg/ml,,,,,430420_I017
70117_20230210MM1_P1,430420,E020,SH-SY5Y,6 h,DMSO,0.025,%,0.03%,LPS,10.0,µg/ml,10 µg/ml,,,,,430420_E020
70117_20230210MM1_P1,430420,F020,SH-SY5Y,6 h,Disulfiram,0.1,µM,0.1 µM,LPS,10.0,µg/ml,10 µg/ml,,,,,430420_F020
70117_20230210MM1_P1,430420,G020,SH-SY5Y,6 h,Disulfiram,1.0,µM,1 µM,LPS,10.0,µg/ml,10 µg/ml,,,,,430420_G020
70117_20230210MM1_P1,430420,H020,SH-SY5Y,6 h,Disulfiram,2.5,µM,2.5 µM,LPS,10.0,µg/ml,10 µg/ml,,,,,430420_H020
70117_20230210MM1_P1,430420,I020,SH-SY5Y,6 h,Z-VAD-FMK,100.0,µM,100 µM,LPS,10.0,µg/ml,10 µg/ml,,,,,430420_I020
70117_20230210MM1_P1,430420,E021,SH-SY5Y,6 h,DMSO,0.025,%,0.03%,LPS,10.0,µg/ml,10 µg/ml,,,,,430420_E021
70117_20230210MM1_P1,430420,F021,SH-SY5Y,6 h,Disulfiram,0.1,µM,0.1 µM,LPS,10.0,µg/ml,10 µg/ml,,,,,430420_F021
70117_20230210MM1_P1,430420,G021,SH-SY5Y,6 h,Disulfiram,1.0,µM,1 µM,LPS,10.0,µg/ml,10 µg/ml,,,,,430420_G021
70117_20230210MM1_P1,430420,H021,SH-SY5Y,6 h,Disulfiram,2.5,µM,2.5 µM,LPS,10.0,µg/ml,10 µg/ml,,,,,430420_H021
70117_20230210MM1_P1,430420,I021,SH-SY5Y,6 h,Z-VAD-FMK,100.0,µM,100 µM,LPS,10.0,µg/ml,10 µg/ml,,,,,430420_I021
70117_20230210MM1_P1,430420,E06,PBMC,6 h,DMSO,0.025,%,0.03%,Thapsigargin,10.0,µM,10 µM,,,,,430420_E06
70117_20230210MM1_P1,430420,L06,PBMC,6 h,DMSO,0.025,%,0.03%,Thapsigargin,10.0,µM,10 µM,,,,,430420_L06
70117_20230210MM1_P1,430420,E07,PBMC,6 h,DMSO,0.025,%,0.03%,Thapsigargin,10.0,µM,10 µM,,,,,430420_E07
70117_20230210MM1_P1,430420,L07,PBMC,6 h,DMSO,0.025,%,0.03%,Thapsigargin,10.0,µM,10 µM,,,,,430420_L07
70117_20230210MM1_P1,430420,E014,SH-SY5Y,6 h,DMSO,0.025,%,0.03%,Thapsigargin,10.0,µM,10 µM,,,,,430420_E014
70117_20230210MM1_P1,430420,L014,SH-SY5Y,6 h,DMSO,0.025,%,0.03%,Thapsigargin,10.0,µM,10 µM,,,,,430420_L014
70117_20230210MM1_P1,430420,E015,SH-SY5Y,6 h,DMSO,0.025,%,0.03%,Thapsigargin,10.0,µM,10 µM,,,,,430420_E015
70117_20230210MM1_P1,430420,L015,SH-SY5Y,6 h,DMSO,0.025,%,0.03%,Thapsigargin,10.0,µM,10 µM,,,,,430420_L015
70117_20230210MM1_P1,430420,H04,PBMC,6 h,DMSO,0.025,%,0.03%,H2O2,100.0,nM,100 nM,,,,,430420_H04
70117_20230210MM1_P1,430420,H05,PBMC,6 h,DMSO,0.025,%,0.03%,H2O2,100.0,nM,100 nM,,,,,430420_H05
70117_20230210MM1_P1,430420,H010,PBMC,6 h,DMSO,0.025,%,0.03%,H2O2,100.0,nM,100 nM,,,,,430420_H010
70117_20230210MM1_P1,430420,H011,PBMC,6 h,DMSO,0.025,%,0.03%,H2O2,100.0,nM,100 nM,,,,,430420_H011
70117_20230210MM1_P1,430420,H018,SH-SY5Y,6 h,DMSO,0.025,%,0.03%,H2O2,100.0,nM,100 nM,,,,,430420_H018
70117_20230210MM1_P1,430420,H019,SH-SY5Y,6 h,DMSO,0.025,%,0.03%,H2O2,100.0,nM,100 nM,,,,,430420_H019
70117_20230210MM1_P1,430420,H022,SH-SY5Y,6 h,DMSO,0.025,%,0.03%,H2O2,100.0,nM,100 nM,,,,,430420_H022
70117_20230210MM1_P1,430420,H023,SH-SY5Y,6 h,DMSO,0.025,%,0.03%,H2O2,100.0,nM,100 nM,,,,,430420_H023
70117_20230210MM1_P1,430420,B04,PBMC,6 h,DMSO,0.025,%,0.03%,LPS,100.0,µg/ml,100 µg/ml,Nigericin,1.0,µM,1 µM,430420_B04
70117_20230210MM1_P1,430420,B05,PBMC,6 h,DMSO,0.025,%,0.03%,LPS,100.0,µg/ml,100 µg/ml,Nigericin,1.0,µM,1 µM,430420_B05
70117_20230210MM1_P1,430420,B010,PBMC,6 h,DMSO,0.025,%,0.03%,LPS,100.0,µg/ml,100 µg/ml,Nigericin,1.0,µM,1 µM,430420_B010
70117_20230210MM1_P1,430420,B011,PBMC,6 h,DMSO,0.025,%,0.03%,LPS,100.0,µg/ml,100 µg/ml,Nigericin,1.0,µM,1 µM,430420_B011
70117_20230210MM1_P1,430420,B018,SH-SY5Y,6 h,DMSO,0.025,%,0.03%,LPS,100.0,µg/ml,100 µg/ml,Nigericin,1.0,µM,1 µM,430420_B018
70117_20230210MM1_P1,430420,B019,SH-SY5Y,6 h,DMSO,0.025,%,0.03%,LPS,100.0,µg/ml,100 µg/ml,Nigericin,1.0,µM,1 µM,430420_B019
70117_20230210MM1_P1,430420,B022,SH-SY5Y,6 h,DMSO,0.025,%,0.03%,LPS,100.0,µg/ml,100 µg/ml,Nigericin,1.0,µM,1 µM,430420_B022
70117_20230210MM1_P1,430420,B023,SH-SY5Y,6 h,DMSO,0.025,%,0.03%,LPS,100.0,µg/ml,100 µg/ml,Nigericin,1.0,µM,1 µM,430420_B023
70117_20230210MM1_P1,430420,D04,PBMC,6 h,DMSO,0.025,%,0.03%,LPS,100.0,µg/ml,100 µg/ml,Nigericin,10.0,µM,10 µM,430420_D04
70117_20230210MM1_P1,430420,D05,PBMC,6 h,DMSO,0.025,%,0.03%,LPS,100.0,µg/ml,100 µg/ml,Nigericin,10.0,µM,10 µM,430420_D05
70117_20230210MM1_P1,430420,D010,PBMC,6 h,DMSO,0.025,%,0.03%,LPS,100.0,µg/ml,100 µg/ml,Nigericin,10.0,µM,10 µM,430420_D010
70117_20230210MM1_P1,430420,D011,PBMC,6 h,DMSO,0.025,%,0.03%,LPS,100.0,µg/ml,100 µg/ml,Nigericin,10.0,µM,10 µM,430420_D011
70117_20230210MM1_P1,430420,D018,SH-SY5Y,6 h,DMSO,0.025,%,0.03%,LPS,100.0,µg/ml,100 µg/ml,Nigericin,10.0,µM,10 µM,430420_D018
70117_20230210MM1_P1,430420,D019,SH-SY5Y,6 h,DMSO,0.025,%,0.03%,LPS,100.0,µg/ml,100 µg/ml,Nigericin,10.0,µM,10 µM,430420_D019
70117_20230210MM1_P1,430420,D022,SH-SY5Y,6 h,DMSO,0.025,%,0.03%,LPS,100.0,µg/ml,100 µg/ml,Nigericin,10.0,µM,10 µM,430420_D022
70117_20230210MM1_P1,430420,D023,SH-SY5Y,6 h,DMSO,0.025,%,0.03%,LPS,100.0,µg/ml,100 µg/ml,Nigericin,10.0,µM,10 µM,430420_D023
70117_20230210MM1_P1,430420,C04,PBMC,6 h,DMSO,0.025,%,0.03%,LPS,100.0,µg/ml,100 µg/ml,Nigericin,3.0,µM,3 µM,430420_C04
70117_20230210MM1_P1,430420,C05,PBMC,6 h,DMSO,0.025,%,0.03%,LPS,100.0,µg/ml,100 µg/ml,Nigericin,3.0,µM,3 µM,430420_C05
70117_20230210MM1_P1,430420,C010,PBMC,6 h,DMSO,0.025,%,0.03%,LPS,100.0,µg/ml,100 µg/ml,Nigericin,3.0,µM,3 µM,430420_C010
70117_20230210MM1_P1,430420,C011,PBMC,6 h,DMSO,0.025,%,0.03%,LPS,100.0,µg/ml,100 µg/ml,Nigericin,3.0,µM,3 µM,430420_C011
70117_20230210MM1_P1,430420,C018,SH-SY5Y,6 h,DMSO,0.025,%,0.03%,LPS,100.0,µg/ml,100 µg/ml,Nigericin,3.0,µM,3 µM,430420_C018
70117_20230210MM1_P1,430420,C019,SH-SY5Y,6 h,DMSO,0.025,%,0.03%,LPS,100.0,µg/ml,100 µg/ml,Nigericin,3.0,µM,3 µM,430420_C019
70117_20230210MM1_P1,430420,C022,SH-SY5Y,6 h,DMSO,0.025,%,0.03%,LPS,100.0,µg/ml,100 µg/ml,Nigericin,3.0,µM,3 µM,430420_C022
70117_20230210MM1_P1,430420,C023,SH-SY5Y,6 h,DMSO,0.025,%,0.03%,LPS,100.0,µg/ml,100 µg/ml,Nigericin,3.0,µM,3 µM,430420_C023
70117_20230210MM1_P1,430420,J02,PBMC,6 h,DMSO,0.025,%,0.03%,LPS,100.0,µg/ml,100 µg/ml,,,,,430420_J02
70117_20230210MM1_P1,430420,J03,PBMC,6 h,DMSO,0.025,%,0.03%,LPS,100.0,µg/ml,100 µg/ml,,,,,430420_J03
70117_20230210MM1_P1,430420,J08,PBMC,6 h,DMSO,0.025,%,0.03%,LPS,100.0,µg/ml,100 µg/ml,,,,,430420_J08
70117_20230210MM1_P1,430420,J09,PBMC,6 h,DMSO,0.025,%,0.03%,LPS,100.0,µg/ml,100 µg/ml,,,,,430420_J09
70117_20230210MM1_P1,430420,J016,SH-SY5Y,6 h,DMSO,0.025,%,0.03%,LPS,100.0,µg/ml,100 µg/ml,,,,,430420_J016
70117_20230210MM1_P1,430420,J017,SH-SY5Y,6 h,DMSO,0.025,%,0.03%,LPS,100.0,µg/ml,100 µg/ml,,,,,430420_J017
70117_20230210MM1_P1,430420,J020,SH-SY5Y,6 h,DMSO,0.025,%,0.03%,LPS,100.0,µg/ml,100 µg/ml,,,,,430420_J020
70117_20230210MM1_P1,430420,J021,SH-SY5Y,6 h,DMSO,0.025,%,0.03%,LPS,100.0,µg/ml,100 µg/ml,,,,,430420_J021
70117_20230210MM1_P1,430420,I04,PBMC,6 h,DMSO,0.025,%,0.03%,H2O2,100.0,µM,100 µM,,,,,430420_I04
70117_20230210MM1_P1,430420,J04,PBMC,6 h,Disulfiram,1.0,µM,1 µM,H2O2,100.0,µM,100 µM,,,,,430420_J04
70117_20230210MM1_P1,430420,K04,PBMC,6 h,Z-VAD-FMK,100.0,µM,100 µM,H2O2,100.0,µM,100 µM,,,,,430420_K04
70117_20230210MM1_P1,430420,I05,PBMC,6 h,DMSO,0.025,%,0.03%,H2O2,100.0,µM,100 µM,,,,,430420_I05
70117_20230210MM1_P1,430420,J05,PBMC,6 h,Disulfiram,1.0,µM,1 µM,H2O2,100.0,µM,100 µM,,,,,430420_J05
70117_20230210MM1_P1,430420,K05,PBMC,6 h,Z-VAD-FMK,100.0,µM,100 µM,H2O2,100.0,µM,100 µM,,,,,430420_K05
70117_20230210MM1_P1,430420,I010,PBMC,6 h,DMSO,0.025,%,0.03%,H2O2,100.0,µM,100 µM,,,,,430420_I010
70117_20230210MM1_P1,430420,J010,PBMC,6 h,Disulfiram,1.0,µM,1 µM,H2O2,100.0,µM,100 µM,,,,,430420_J010
70117_20230210MM1_P1,430420,K010,PBMC,6 h,Z-VAD-FMK,100.0,µM,100 µM,H2O2,100.0,µM,100 µM,,,,,430420_K010
70117_20230210MM1_P1,430420,I011,PBMC,6 h,DMSO,0.025,%,0.03%,H2O2,100.0,µM,100 µM,,,,,430420_I011
70117_20230210MM1_P1,430420,J011,PBMC,6 h,Disulfiram,1.0,µM,1 µM,H2O2,100.0,µM,100 µM,,,,,430420_J011
70117_20230210MM1_P1,430420,K011,PBMC,6 h,Z-VAD-FMK,100.0,µM,100 µM,H2O2,100.0,µM,100 µM,,,,,430420_K011
70117_20230210MM1_P1,430420,I018,SH-SY5Y,6 h,DMSO,0.025,%,0.03%,H2O2,100.0,µM,100 µM,,,,,430420_I018
70117_20230210MM1_P1,430420,J018,SH-SY5Y,6 h,Disulfiram,1.0,µM,1 µM,H2O2,100.0,µM,100 µM,,,,,430420_J018
70117_20230210MM1_P1,430420,K018,SH-SY5Y,6 h,Z-VAD-FMK,100.0,µM,100 µM,H2O2,100.0,µM,100 µM,,,,,430420_K018
70117_20230210MM1_P1,430420,I019,SH-SY5Y,6 h,DMSO,0.025,%,0.03%,H2O2,100.0,µM,100 µM,,,,,430420_I019
70117_20230210MM1_P1,430420,J019,SH-SY5Y,6 h,Disulfiram,1.0,µM,1 µM,H2O2,100.0,µM,100 µM,,,,,430420_J019
70117_20230210MM1_P1,430420,K019,SH-SY5Y,6 h,Z-VAD-FMK,100.0,µM,100 µM,H2O2,100.0,µM,100 µM,,,,,430420_K019
70117_20230210MM1_P1,430420,I022,SH-SY5Y,6 h,DMSO,0.025,%,0.03%,H2O2,100.0,µM,100 µM,,,,,430420_I022
70117_20230210MM1_P1,430420,J022,SH-SY5Y,6 h,Disulfiram,1.0,µM,1 µM,H2O2,100.0,µM,100 µM,,,,,430420_J022
70117_20230210MM1_P1,430420,K022,SH-SY5Y,6 h,Z-VAD-FMK,100.0,µM,100 µM,H2O2,100.0,µM,100 µM,,,,,430420_K022
70117_20230210MM1_P1,430420,I023,SH-SY5Y,6 h,DMSO,0.025,%,0.03%,H2O2,100.0,µM,100 µM,,,,,430420_I023
70117_20230210MM1_P1,430420,J023,SH-SY5Y,6 h,Disulfiram,1.0,µM,1 µM,H2O2,100.0,µM,100 µM,,,,,430420_J023
70117_20230210MM1_P1,430420,K023,SH-SY5Y,6 h,Z-VAD-FMK,100.0,µM,100 µM,H2O2,100.0,µM,100 µM,,,,,430420_K023
70117_20230210MM1_P1,430420,G05,PBMC,6 h,DMSO,0.025,%,0.03%,Disulfiram,2.5,µM,2.5 µM,,,,,430420_G05
70117_20230210MM1_P1,430420,G010,PBMC,6 h,DMSO,0.025,%,0.03%,Disulfiram,2.5,µM,2.5 µM,,,,,430420_G010
70117_20230210MM1_P1,430420,G011,PBMC,6 h,DMSO,0.025,%,0.03%,Disulfiram,2.5,µM,2.5 µM,,,,,430420_G011
70117_20230210MM1_P1,430420,G018,SH-SY5Y,6 h,DMSO,0.025,%,0.03%,Disulfiram,2.5,µM,2.5 µM,,,,,430420_G018
70117_20230210MM1_P1,430420,G019,SH-SY5Y,6 h,DMSO,0.025,%,0.03%,Disulfiram,2.5,µM,2.5 µM,,,,,430420_G019
70117_20230210MM1_P1,430420,G022,SH-SY5Y,6 h,DMSO,0.025,%,0.03%,Disulfiram,2.5,µM,2.5 µM,,,,,430420_G022
70117_20230210MM1_P1,430420,G023,SH-SY5Y,6 h,DMSO,0.025,%,0.03%,Disulfiram,2.5,µM,2.5 µM,,,,,430420_G023
70117_20230210MM1_P1,430420,G04,PBMC,6 h,DMSO,0.025,%,0.03%,Disulfiram,2.5,µM,2.5 µM,,,,,430420_G04
70117_20230210MM1_P1,430420,H06,PBMC,6 h,DMSO,0.025,%,0.03%,Topotecan,20.0,nM,20 nM,,,,,430420_H06
70117_20230210MM1_P1,430420,O06,PBMC,6 h,DMSO,0.025,%,0.03%,Topotecan,20.0,nM,20 nM,,,,,430420_O06
70117_20230210MM1_P1,430420,H07,PBMC,6 h,DMSO,0.025,%,0.03%,Topotecan,20.0,nM,20 nM,,,,,430420_H07
70117_20230210MM1_P1,430420,O07,PBMC,6 h,DMSO,0.025,%,0.03%,Topotecan,20.0,nM,20 nM,,,,,430420_O07
70117_20230210MM1_P1,430420,H014,SH-SY5Y,6 h,DMSO,0.025,%,0.03%,Topotecan,20.0,nM,20 nM,,,,,430420_H014
70117_20230210MM1_P1,430420,O014,SH-SY5Y,6 h,DMSO,0.025,%,0.03%,Topotecan,20.0,nM,20 nM,,,,,430420_O014
70117_20230210MM1_P1,430420,H015,SH-SY5Y,6 h,DMSO,0.025,%,0.03%,Topotecan,20.0,nM,20 nM,,,,,430420_H015
70117_20230210MM1_P1,430420,O015,SH-SY5Y,6 h,DMSO,0.025,%,0.03%,Topotecan,20.0,nM,20 nM,,,,,430420_O015
70117_20230210MM1_P1,430420,F06,PBMC,6 h,DMSO,0.025,%,0.03%,Topotecan,5.0,nM,5 nM,,,,,430420_F06
70117_20230210MM1_P1,430420,M06,PBMC,6 h,DMSO,0.025,%,0.03%,Topotecan,5.0,nM,5 nM,,,,,430420_M06
70117_20230210MM1_P1,430420,F07,PBMC,6 h,DMSO,0.025,%,0.03%,Topotecan,5.0,nM,5 nM,,,,,430420_F07
70117_20230210MM1_P1,430420,M07,PBMC,6 h,DMSO,0.025,%,0.03%,Topotecan,5.0,nM,5 nM,,,,,430420_M07
70117_20230210MM1_P1,430420,F014,SH-SY5Y,6 h,DMSO,0.025,%,0.03%,Topotecan,5.0,nM,5 nM,,,,,430420_F014
70117_20230210MM1_P1,430420,M014,SH-SY5Y,6 h,DMSO,0.025,%,0.03%,Topotecan,5.0,nM,5 nM,,,,,430420_M014
70117_20230210MM1_P1,430420,F015,SH-SY5Y,6 h,DMSO,0.025,%,0.03%,Topotecan,5.0,nM,5 nM,,,,,430420_F015
70117_20230210MM1_P1,430420,M015,SH-SY5Y,6 h,DMSO,0.025,%,0.03%,Topotecan,5.0,nM,5 nM,,,,,430420_M015
70117_20230210MM1_P1,430420,A01,,6 h,,,,,,,,,,,,,430420_A01
70117_20230210MM1_P1,430420,B01,,6 h,,,,,,,,,,,,,430420_B01
70117_20230210MM1_P1,430420,C01,,6 h,,,,,,,,,,,,,430420_C01
70117_20230210MM1_P1,430420,D01,,6 h,,,,,,,,,,,,,430420_D01
70117_20230210MM1_P1,430420,E01,,6 h,,,,,,,,,,,,,430420_E01
70117_20230210MM1_P1,430420,F01,,6 h,,,,,,,,,,,,,430420_F01
70117_20230210MM1_P1,430420,G01,,6 h,,,,,,,,,,,,,430420_G01
70117_20230210MM1_P1,430420,H01,,6 h,,,,,,,,,,,,,430420_H01
70117_20230210MM1_P1,430420,I01,,6 h,,,,,,,,,,,,,430420_I01
70117_20230210MM1_P1,430420,J01,,6 h,,,,,,,,,,,,,430420_J01
70117_20230210MM1_P1,430420,K01,,6 h,,,,,,,,,,,,,430420_K01
70117_20230210MM1_P1,430420,L01,,6 h,,,,,,,,,,,,,430420_L01
70117_20230210MM1_P1,430420,M01,,6 h,,,,,,,,,,,,,430420_M01
70117_20230210MM1_P1,430420,N01,,6 h,,,,,,,,,,,,,430420_N01
70117_20230210MM1_P1,430420,O01,,6 h,,,,,,,,,,,,,430420_O01
70117_20230210MM1_P1,430420,P01,,6 h,,,,,,,,,,,,,430420_P01
70117_20230210MM1_P1,430420,A02,,6 h,,,,,,,,,,,,,430420_A02
70117_20230210MM1_P1,430420,P02,,6 h,,,,,,,,,,,,,430420_P02
70117_20230210MM1_P1,430420,A03,,6 h,,,,,,,,,,,,,430420_A03
70117_20230210MM1_P1,430420,P03,,6 h,,,,,,,,,,,,,430420_P03
70117_20230210MM1_P1,430420,A04,,6 h,,,,,,,,,,,,,430420_A04
70117_20230210MM1_P1,430420,O04,PBMC,6 h,Media ctr,,,,media ctr,,,,,,,,430420_O04
70117_20230210MM1_P1,430420,P04,,6 h,,,,,,,,,,,,,430420_P04
70117_20230210MM1_P1,430420,A05,,6 h,,,,,,,,,,,,,430420_A05
70117_20230210MM1_P1,430420,O05,PBMC,6 h,Media ctr,,,,media ctr,,,,,,,,430420_O05
70117_20230210MM1_P1,430420,P05,,6 h,,,,,,,,,,,,,430420_P05
70117_20230210MM1_P1,430420,A06,,6 h,,,,,,,,,,,,,430420_A06
70117_20230210MM1_P1,430420,P06,,6 h,,,,,,,,,,,,,430420_P06
70117_20230210MM1_P1,430420,A07,,6 h,,,,,,,,,,,,,430420_A07
70117_20230210MM1_P1,430420,P07,,6 h,,,,,,,,,,,,,430420_P07
70117_20230210MM1_P1,430420,A08,,6 h,,,,,,,,,,,,,430420_A08
70117_20230210MM1_P1,430420,P08,,6 h,,,,,,,,,,,,,430420_P08
70117_20230210MM1_P1,430420,A09,,6 h,,,,,,,,,,,,,430420_A09
70117_20230210MM1_P1,430420,P09,,6 h,,,,,,,,,,,,,430420_P09
70117_20230210MM1_P1,430420,A010,,6 h,,,,,,,,,,,,,430420_A010
70117_20230210MM1_P1,430420,O010,PBMC,6 h,Media ctr,,,,media ctr,,,,,,,,430420_O010
70117_20230210MM1_P1,430420,P010,,6 h,,,,,,,,,,,,,430420_P010
70117_20230210MM1_P1,430420,A011,,6 h,,,,,,,,,,,,,430420_A011
70117_20230210MM1_P1,430420,O011,PBMC,6 h,Media,,,,media ctr,,,,,,,,430420_O011
70117_20230210MM1_P1,430420,P011,,6 h,,,,,,,,,,,,,430420_P011
70117_20230210MM1_P1,430420,A012,,6 h,,,,,,,,,,,,,430420_A012
70117_20230210MM1_P1,430420,B012,PBMC,6 h,Media ctr,,,,media ctr,,,,,,,,430420_B012
70117_20230210MM1_P1,430420,I012,PBMC,6 h,Media ctr,,,,media ctr,,,,,,,,430420_I012
70117_20230210MM1_P1,430420,P012,,6 h,,,,,,,,,,,,,430420_P012
70117_20230210MM1_P1,430420,A013,,6 h,,,,,,,,,,,,,430420_A013
70117_20230210MM1_P1,430420,B013,SH-SY5Y,6 h,Media ctr,,,,media ctr,,,,,,,,430420_B013
70117_20230210MM1_P1,430420,I013,SH-SY5Y,6 h,Media ctr,,,,media ctr,,,,,,,,430420_I013
70117_20230210MM1_P1,430420,P013,,6 h,,,,,,,,,,,,,430420_P013
70117_20230210MM1_P1,430420,A014,,6 h,,,,,,,,,,,,,430420_A014
70117_20230210MM1_P1,430420,P014,,6 h,,,,,,,,,,,,,430420_P014
70117_20230210MM1_P1,430420,A015,,6 h,,,,,,,,,,,,,430420_A015
70117_20230210MM1_P1,430420,P015,,6 h,,,,,,,,,,,,,430420_P015
70117_20230210MM1_P1,430420,A016,,6 h,,,,,,,,,,,,,430420_A016
70117_20230210MM1_P1,430420,P016,,6 h,,,,,,,,,,,,,430420_P016
70117_20230210MM1_P1,430420,A017,,6 h,,,,,,,,,,,,,430420_A017
70117_20230210MM1_P1,430420,P017,,6 h,,,,,,,,,,,,,430420_P017
70117_20230210MM1_P1,430420,A018,,6 h,,,,,,,,,,,,,430420_A018
70117_20230210MM1_P1,430420,P018,,6 h,,,,,,,,,,,,,430420_P018
70117_20230210MM1_P1,430420,A019,,6 h,,,,,,,,,,,,,430420_A019
70117_20230210MM1_P1,430420,P019,,6 h,,,,,,,,,,,,,430420_P019
70117_20230210MM1_P1,430420,A020,,6 h,,,,,,,,,,,,,430420_A020
70117_20230210MM1_P1,430420,P020,,6 h,,,,,,,,,,,,,430420_P020
70117_20230210MM1_P1,430420,A021,,6 h,,,,,,,,,,,,,430420_A021
70117_20230210MM1_P1,430420,P021,,6 h,,,,,,,,,,,,,430420_P021
70117_20230210MM1_P1,430420,A022,,6 h,,,,,,,,,,,,,430420_A022
70117_20230210MM1_P1,430420,O022,SH-SY5Y,6 h,Media ctr,,,,media ctr,,,,,,,,430420_O022
70117_20230210MM1_P1,430420,P022,,6 h,,,,,,,,,,,,,430420_P022
70117_20230210MM1_P1,430420,A023,,6 h,,,,,,,,,,,,,430420_A023
70117_20230210MM1_P1,430420,O023,SH-SY5Y,6 h,Media ctr,,,,media ctr,,,,,,,,430420_O023
70117_20230210MM1_P1,430420,P023,,6 h,,,,,,,,,,,,,430420_P023
70117_20230210MM1_P1,430420,A024,,6 h,,,,,,,,,,,,,430420_A024
70117_20230210MM1_P1,430420,B024,,6 h,,,,,,,,,,,,,430420_B024
70117_20230210MM1_P1,430420,C024,,6 h,,,,,,,,,,,,,430420_C024
70117_20230210MM1_P1,430420,D024,,6 h,,,,,,,,,,,,,430420_D024
70117_20230210MM1_P1,430420,E024,,6 h,,,,,,,,,,,,,430420_E024
70117_20230210MM1_P1,430420,F024,,6 h,,,,,,,,,,,,,430420_F024
70117_20230210MM1_P1,430420,G024,,6 h,,,,,,,,,,,,,430420_G024
70117_20230210MM1_P1,430420,H024,,6 h,,,,,,,,,,,,,430420_H024
70117_20230210MM1_P1,430420,I024,,6 h,,,,,,,,,,,,,430420_I024
70117_20230210MM1_P1,430420,J024,,6 h,,,,,,,,,,,,,430420_J024
70117_20230210MM1_P1,430420,K024,,6 h,,,,,,,,,,,,,430420_K024
70117_20230210MM1_P1,430420,L024,,6 h,,,,,,,,,,,,,430420_L024
70117_20230210MM1_P1,430420,M024,,6 h,,,,,,,,,,,,,430420_M024
70117_20230210MM1_P1,430420,N024,,6 h,,,,,,,,,,,,,430420_N024
70117_20230210MM1_P1,430420,O024,,6 h,,,,,,,,,,,,,430420_O024
70117_20230210MM1_P1,430420,P024,,6 h,,,,,,,,,,,,,430420_P024
70117_20230118MM1_P1a,430418_430419,G07,SH-SY5Y,24 h,DMSO,0.1,%,0.10%,DMSO,0.1,%,0.10%,,,,,430418_430419_G07
70117_20230118MM1_P1a,430418_430419,O07,SH-SY5Y,24 h,DMSO,0.1,%,0.10%,DMSO,0.1,%,0.10%,,,,,430418_430419_O07
70117_20230118MM1_P1a,430418_430419,G08,SH-SY5Y,24 h,DMSO,0.1,%,0.10%,DMSO,0.1,%,0.10%,,,,,430418_430419_G08
70117_20230118MM1_P1a,430418_430419,O08,SH-SY5Y,24 h,DMSO,0.1,%,0.10%,DMSO,0.1,%,0.10%,,,,,430418_430419_O08
70117_20230118MM1_P1a,430418_430419,G09,SH-SY5Y,24 h,DMSO,0.1,%,0.10%,DMSO,0.1,%,0.10%,,,,,430418_430419_G09
70117_20230118MM1_P1a,430418_430419,O09,SH-SY5Y,24 h,DMSO,0.1,%,0.10%,DMSO,0.1,%,0.10%,,,,,430418_430419_O09
70117_20230118MM1_P1a,430418_430419,G010,SH-SY5Y,24 h,DMSO,0.1,%,0.10%,DMSO,0.1,%,0.10%,,,,,430418_430419_G010
70117_20230118MM1_P1a,430418_430419,O010,SH-SY5Y,24 h,DMSO,0.1,%,0.10%,DMSO,0.1,%,0.10%,,,,,430418_430419_O010
70117_20230118MM1_P1a,430418_430419,G011,SH-SY5Y,24 h,DMSO,0.1,%,0.10%,DMSO,0.1,%,0.10%,,,,,430418_430419_G011
70117_20230118MM1_P1a,430418_430419,O011,SH-SY5Y,24 h,DMSO,0.1,%,0.10%,DMSO,0.1,%,0.10%,,,,,430418_430419_O011
70117_20230118MM1_P1a,430418_430419,G012,SH-SY5Y,24 h,DMSO,0.1,%,0.10%,DMSO,0.1,%,0.10%,,,,,430418_430419_G012
70117_20230118MM1_P1a,430418_430419,O012,SH-SY5Y,24 h,DMSO,0.1,%,0.10%,DMSO,0.1,%,0.10%,,,,,430418_430419_O012
70117_20230118MM1_P1a,430418_430419,N013,SH-SY5Y,24 h,DMSO,0.1,%,0.10%,DMSO,0.1,%,0.10%,,,,,430418_430419_N013
70117_20230118MM1_P1a,430418_430419,B014,SH-SY5Y,24 h,DMSO,0.1,%,0.10%,DMSO,0.1,%,0.10%,,,,,430418_430419_B014
70117_20230118MM1_P1a,430418_430419,D015,SH-SY5Y,24 h,DMSO,0.1,%,0.10%,DMSO,0.1,%,0.10%,,,,,430418_430419_D015
70117_20230118MM1_P1a,430418_430419,O016,SH-SY5Y,24 h,DMSO,0.1,%,0.10%,DMSO,0.1,%,0.10%,,,,,430418_430419_O016
70117_20230118MM1_P1a,430418_430419,J017,SH-SY5Y,24 h,DMSO,0.1,%,0.10%,DMSO,0.1,%,0.10%,,,,,430418_430419_J017
70117_20230118MM1_P1a,430418_430419,B018,SH-SY5Y,24 h,DMSO,0.1,%,0.10%,DMSO,0.1,%,0.10%,,,,,430418_430419_B018
70117_20230118MM1_P1a,430418_430419,N019,SH-SY5Y,24 h,DMSO,0.1,%,0.10%,DMSO,0.1,%,0.10%,,,,,430418_430419_N019
70117_20230118MM1_P1a,430418_430419,B020,SH-SY5Y,24 h,DMSO,0.1,%,0.10%,DMSO,0.1,%,0.10%,,,,,430418_430419_B020
70117_20230118MM1_P1a,430418_430419,D021,SH-SY5Y,24 h,DMSO,0.1,%,0.10%,DMSO,0.1,%,0.10%,,,,,430418_430419_D021
70117_20230118MM1_P1a,430418_430419,O022,SH-SY5Y,24 h,DMSO,0.1,%,0.10%,DMSO,0.1,%,0.10%,,,,,430418_430419_O022
70117_20230118MM1_P1a,430418_430419,J023,SH-SY5Y,24 h,DMSO,0.1,%,0.10%,DMSO,0.1,%,0.10%,,,,,430418_430419_J023
70117_20230118MM1_P1a,430418_430419,B024,SH-SY5Y,24 h,DMSO,0.1,%,0.10%,DMSO,0.1,%,0.10%,,,,,430418_430419_B024
70117_20230118MM1_P1a,430418_430419,F01,SH-SY5Y,24 h,DMSO,0.1,%,0.10%,ATP,0.1,mM,0.1 mM,,,,,430418_430419_F01
70117_20230118MM1_P1a,430418_430419,N01,SH-SY5Y,24 h,DMSO,0.1,%,0.10%,ATP,0.1,mM,0.1 mM,,,,,430418_430419_N01
70117_20230118MM1_P1a,430418_430419,F02,SH-SY5Y,24 h,DMSO,0.1,%,0.10%,ATP,0.1,mM,0.1 mM,,,,,430418_430419_F02
70117_20230118MM1_P1a,430418_430419,N02,SH-SY5Y,24 h,DMSO,0.1,%,0.10%,ATP,0.1,mM,0.1 mM,,,,,430418_430419_N02
70117_20230118MM1_P1a,430418_430419,F03,SH-SY5Y,24 h,DMSO,0.1,%,0.10%,ATP,0.1,mM,0.1 mM,,,,,430418_430419_F03
70117_20230118MM1_P1a,430418_430419,N03,SH-SY5Y,24 h,DMSO,0.1,%,0.10%,ATP,0.1,mM,0.1 mM,,,,,430418_430419_N03
70117_20230118MM1_P1a,430418_430419,F04,SH-SY5Y,24 h,DMSO,0.1,%,0.10%,ATP,0.1,mM,0.1 mM,,,,,430418_430419_F04
70117_20230118MM1_P1a,430418_430419,N04,SH-SY5Y,24 h,DMSO,0.1,%,0.10%,ATP,0.1,mM,0.1 mM,,,,,430418_430419_N04
70117_20230118MM1_P1a,430418_430419,F05,SH-SY5Y,24 h,DMSO,0.1,%,0.10%,ATP,0.1,mM,0.1 mM,,,,,430418_430419_F05
70117_20230118MM1_P1a,430418_430419,N05,SH-SY5Y,24 h,DMSO,0.1,%,0.10%,ATP,0.1,mM,0.1 mM,,,,,430418_430419_N05
70117_20230118MM1_P1a,430418_430419,F06,SH-SY5Y,24 h,DMSO,0.1,%,0.10%,ATP,0.1,mM,0.1 mM,,,,,430418_430419_F06
70117_20230118MM1_P1a,430418_430419,N06,SH-SY5Y,24 h,DMSO,0.1,%,0.10%,ATP,0.1,mM,0.1 mM,,,,,430418_430419_N06
70117_20230118MM1_P1a,430418_430419,K013,SH-SY5Y,24 h,DMSO,0.1,%,0.10%,ATP,0.1,mM,0.1 mM,,,,,430418_430419_K013
70117_20230118MM1_P1a,430418_430419,O014,SH-SY5Y,24 h,DMSO,0.1,%,0.10%,ATP,0.1,mM,0.1 mM,,,,,430418_430419_O014
70117_20230118MM1_P1a,430418_430419,E015,SH-SY5Y,24 h,DMSO,0.1,%,0.10%,ATP,0.1,mM,0.1 mM,,,,,430418_430419_E015
70117_20230118MM1_P1a,430418_430419,B016,SH-SY5Y,24 h,DMSO,0.1,%,0.10%,ATP,0.1,mM,0.1 mM,,,,,430418_430419_B016
70117_20230118MM1_P1a,430418_430419,C017,SH-SY5Y,24 h,DMSO,0.1,%,0.10%,ATP,0.1,mM,0.1 mM,,,,,430418_430419_C017
70117_20230118MM1_P1a,430418_430419,K018,SH-SY5Y,24 h,DMSO,0.1,%,0.10%,ATP,0.1,mM,0.1 mM,,,,,430418_430419_K018
70117_20230118MM1_P1a,430418_430419,K019,SH-SY5Y,24 h,DMSO,0.1,%,0.10%,ATP,0.1,mM,0.1 mM,,,,,430418_430419_K019
70117_20230118MM1_P1a,430418_430419,O020,SH-SY5Y,24 h,DMSO,0.1,%,0.10%,ATP,0.1,mM,0.1 mM,,,,,430418_430419_O020
70117_20230118MM1_P1a,430418_430419,E021,SH-SY5Y,24 h,DMSO,0.1,%,0.10%,ATP,0.1,mM,0.1 mM,,,,,430418_430419_E021
70117_20230118MM1_P1a,430418_430419,B022,SH-SY5Y,24 h,DMSO,0.1,%,0.10%,ATP,0.1,mM,0.1 mM,,,,,430418_430419_B022
70117_20230118MM1_P1a,430418_430419,C023,SH-SY5Y,24 h,DMSO,0.1,%,0.10%,ATP,0.1,mM,0.1 mM,,,,,430418_430419_C023
70117_20230118MM1_P1a,430418_430419,K024,SH-SY5Y,24 h,DMSO,0.1,%,0.10%,ATP,0.1,mM,0.1 mM,,,,,430418_430419_K024
70117_20230118MM1_P1a,430418_430419,H01,SH-SY5Y,24 h,DMSO,0.1,%,0.10%,Flagellin,0.1,µg/ml,0.1 µg/ml,,,,,430418_430419_H01
70117_20230118MM1_P1a,430418_430419,P01,SH-SY5Y,24 h,DMSO,0.1,%,0.10%,Flagellin,0.1,µg/ml,0.1 µg/ml,,,,,430418_430419_P01
70117_20230118MM1_P1a,430418_430419,H02,SH-SY5Y,24 h,DMSO,0.1,%,0.10%,Flagellin,0.1,µg/ml,0.1 µg/ml,,,,,430418_430419_H02
70117_20230118MM1_P1a,430418_430419,P02,SH-SY5Y,24 h,DMSO,0.1,%,0.10%,Flagellin,0.1,µg/ml,0.1 µg/ml,,,,,430418_430419_P02
70117_20230118MM1_P1a,430418_430419,H03,SH-SY5Y,24 h,DMSO,0.1,%,0.10%,Flagellin,0.1,µg/ml,0.1 µg/ml,,,,,430418_430419_H03
70117_20230118MM1_P1a,430418_430419,P03,SH-SY5Y,24 h,DMSO,0.1,%,0.10%,Flagellin,0.1,µg/ml,0.1 µg/ml,,,,,430418_430419_P03
70117_20230118MM1_P1a,430418_430419,H04,SH-SY5Y,24 h,DMSO,0.1,%,0.10%,Flagellin,0.1,µg/ml,0.1 µg/ml,,,,,430418_430419_H04
70117_20230118MM1_P1a,430418_430419,P04,SH-SY5Y,24 h,DMSO,0.1,%,0.10%,Flagellin,0.1,µg/ml,0.1 µg/ml,,,,,430418_430419_P04
70117_20230118MM1_P1a,430418_430419,H05,SH-SY5Y,24 h,DMSO,0.1,%,0.10%,Flagellin,0.1,µg/ml,0.1 µg/ml,,,,,430418_430419_H05
70117_20230118MM1_P1a,430418_430419,P05,SH-SY5Y,24 h,DMSO,0.1,%,0.10%,Flagellin,0.1,µg/ml,0.1 µg/ml,,,,,430418_430419_P05
70117_20230118MM1_P1a,430418_430419,H06,SH-SY5Y,24 h,DMSO,0.1,%,0.10%,Flagellin,0.1,µg/ml,0.1 µg/ml,,,,,430418_430419_H06
70117_20230118MM1_P1a,430418_430419,P06,SH-SY5Y,24 h,DMSO,0.1,%,0.10%,Flagellin,0.1,µg/ml,0.1 µg/ml,,,,,430418_430419_P06
70117_20230118MM1_P1a,430418_430419,O013,SH-SY5Y,24 h,DMSO,0.1,%,0.10%,Flagellin,0.1,µg/ml,0.1 µg/ml,,,,,430418_430419_O013
70117_20230118MM1_P1a,430418_430419,C014,SH-SY5Y,24 h,DMSO,0.1,%,0.10%,Flagellin,0.1,µg/ml,0.1 µg/ml,,,,,430418_430419_C014
70117_20230118MM1_P1a,430418_430419,A015,SH-SY5Y,24 h,DMSO,0.1,%,0.10%,Flagellin,0.1,µg/ml,0.1 µg/ml,,,,,430418_430419_A015
70117_20230118MM1_P1a,430418_430419,N016,SH-SY5Y,24 h,DMSO,0.1,%,0.10%,Flagellin,0.1,µg/ml,0.1 µg/ml,,,,,430418_430419_N016
70117_20230118MM1_P1a,430418_430419,A017,SH-SY5Y,24 h,DMSO,0.1,%,0.10%,Flagellin,0.1,µg/ml,0.1 µg/ml,,,,,430418_430419_A017
70117_20230118MM1_P1a,430418_430419,I018,SH-SY5Y,24 h,DMSO,0.1,%,0.10%,Flagellin,0.1,µg/ml,0.1 µg/ml,,,,,430418_430419_I018
70117_20230118MM1_P1a,430418_430419,O019,SH-SY5Y,24 h,DMSO,0.1,%,0.10%,Flagellin,0.1,µg/ml,0.1 µg/ml,,,,,430418_430419_O019
70117_20230118MM1_P1a,430418_430419,C020,SH-SY5Y,24 h,DMSO,0.1,%,0.10%,Flagellin,0.1,µg/ml,0.1 µg/ml,,,,,430418_430419_C020
70117_20230118MM1_P1a,430418_430419,A021,SH-SY5Y,24 h,DMSO,0.1,%,0.10%,Flagellin,0.1,µg/ml,0.1 µg/ml,,,,,430418_430419_A021
70117_20230118MM1_P1a,430418_430419,N022,SH-SY5Y,24 h,DMSO,0.1,%,0.10%,Flagellin,0.1,µg/ml,0.1 µg/ml,,,,,430418_430419_N022
70117_20230118MM1_P1a,430418_430419,A023,SH-SY5Y,24 h,DMSO,0.1,%,0.10%,Flagellin,0.1,µg/ml,0.1 µg/ml,,,,,430418_430419_A023
70117_20230118MM1_P1a,430418_430419,I024,SH-SY5Y,24 h,DMSO,0.1,%,0.10%,Flagellin,0.1,µg/ml,0.1 µg/ml,,,,,430418_430419_I024
70117_20230118MM1_P1a,430418_430419,B07,SH-SY5Y,24 h,DMSO,0.1,%,0.10%,Disulfiram,0.1,µM,0.1 µM,,,,,430418_430419_B07
70117_20230118MM1_P1a,430418_430419,J07,SH-SY5Y,24 h,DMSO,0.1,%,0.10%,Disulfiram,0.1,µM,0.1 µM,,,,,430418_430419_J07
70117_20230118MM1_P1a,430418_430419,B08,SH-SY5Y,24 h,DMSO,0.1,%,0.10%,Disulfiram,0.1,µM,0.1 µM,,,,,430418_430419_B08
70117_20230118MM1_P1a,430418_430419,J08,SH-SY5Y,24 h,DMSO,0.1,%,0.10%,Disulfiram,0.1,µM,0.1 µM,,,,,430418_430419_J08
70117_20230118MM1_P1a,430418_430419,B09,SH-SY5Y,24 h,DMSO,0.1,%,0.10%,Disulfiram,0.1,µM,0.1 µM,,,,,430418_430419_B09
70117_20230118MM1_P1a,430418_430419,J09,SH-SY5Y,24 h,DMSO,0.1,%,0.10%,Disulfiram,0.1,µM,0.1 µM,,,,,430418_430419_J09
70117_20230118MM1_P1a,430418_430419,B010,SH-SY5Y,24 h,DMSO,0.1,%,0.10%,Disulfiram,0.1,µM,0.1 µM,,,,,430418_430419_B010
70117_20230118MM1_P1a,430418_430419,J010,SH-SY5Y,24 h,DMSO,0.1,%,0.10%,Disulfiram,0.1,µM,0.1 µM,,,,,430418_430419_J010
70117_20230118MM1_P1a,430418_430419,B011,SH-SY5Y,24 h,DMSO,0.1,%,0.10%,Disulfiram,0.1,µM,0.1 µM,,,,,430418_430419_B011
70117_20230118MM1_P1a,430418_430419,J011,SH-SY5Y,24 h,DMSO,0.1,%,0.10%,Disulfiram,0.1,µM,0.1 µM,,,,,430418_430419_J011
70117_20230118MM1_P1a,430418_430419,B012,SH-SY5Y,24 h,DMSO,0.1,%,0.10%,Disulfiram,0.1,µM,0.1 µM,,,,,430418_430419_B012
70117_20230118MM1_P1a,430418_430419,J012,SH-SY5Y,24 h,DMSO,0.1,%,0.10%,Disulfiram,0.1,µM,0.1 µM,,,,,430418_430419_J012
70117_20230118MM1_P1a,430418_430419,D013,SH-SY5Y,24 h,DMSO,0.1,%,0.10%,Disulfiram,0.1,µM,0.1 µM,,,,,430418_430419_D013
70117_20230118MM1_P1a,430418_430419,H014,SH-SY5Y,24 h,DMSO,0.1,%,0.10%,Disulfiram,0.1,µM,0.1 µM,,,,,430418_430419_H014
70117_20230118MM1_P1a,430418_430419,N015,SH-SY5Y,24 h,DMSO,0.1,%,0.10%,Disulfiram,0.1,µM,0.1 µM,,,,,430418_430419_N015
70117_20230118MM1_P1a,430418_430419,I016,SH-SY5Y,24 h,DMSO,0.1,%,0.10%,Disulfiram,0.1,µM,0.1 µM,,,,,430418_430419_I016
70117_20230118MM1_P1a,430418_430419,O017,SH-SY5Y,24 h,DMSO,0.1,%,0.10%,Disulfiram,0.1,µM,0.1 µM,,,,,430418_430419_O017
70117_20230118MM1_P1a,430418_430419,G018,SH-SY5Y,24 h,DMSO,0.1,%,0.10%,Disulfiram,0.1,µM,0.1 µM,,,,,430418_430419_G018
70117_20230118MM1_P1a,430418_430419,D019,SH-SY5Y,24 h,DMSO,0.1,%,0.10%,Disulfiram,0.1,µM,0.1 µM,,,,,430418_430419_D019
70117_20230118MM1_P1a,430418_430419,H020,SH-SY5Y,24 h,DMSO,0.1,%,0.10%,Disulfiram,0.1,µM,0.1 µM,,,,,430418_430419_H020
70117_20230118MM1_P1a,430418_430419,N021,SH-SY5Y,24 h,DMSO,0.1,%,0.10%,Disulfiram,0.1,µM,0.1 µM,,,,,430418_430419_N021
70117_20230118MM1_P1a,430418_430419,I022,SH-SY5Y,24 h,DMSO,0.1,%,0.10%,Disulfiram,0.1,µM,0.1 µM,,,,,430418_430419_I022
70117_20230118MM1_P1a,430418_430419,O023,SH-SY5Y,24 h,DMSO,0.1,%,0.10%,Disulfiram,0.1,µM,0.1 µM,,,,,430418_430419_O023
70117_20230118MM1_P1a,430418_430419,G024,SH-SY5Y,24 h,DMSO,0.1,%,0.10%,Disulfiram,0.1,µM,0.1 µM,,,,,430418_430419_G024
70117_20230118MM1_P1a,430418_430419,E01,SH-SY5Y,24 h,DMSO,0.1,%,0.10%,ATP,1.0,mM,1 mM,,,,,430418_430419_E01
70117_20230118MM1_P1a,430418_430419,M01,SH-SY5Y,24 h,DMSO,0.1,%,0.10%,ATP,1.0,mM,1 mM,,,,,430418_430419_M01
70117_20230118MM1_P1a,430418_430419,E02,SH-SY5Y,24 h,DMSO,0.1,%,0.10%,ATP,1.0,mM,1 mM,,,,,430418_430419_E02
70117_20230118MM1_P1a,430418_430419,M02,SH-SY5Y,24 h,DMSO,0.1,%,0.10%,ATP,1.0,mM,1 mM,,,,,430418_430419_M02
70117_20230118MM1_P1a,430418_430419,E03,SH-SY5Y,24 h,DMSO,0.1,%,0.10%,ATP,1.0,mM,1 mM,,,,,430418_430419_E03
70117_20230118MM1_P1a,430418_430419,M03,SH-SY5Y,24 h,DMSO,0.1,%,0.10%,ATP,1.0,mM,1 mM,,,,,430418_430419_M03
70117_20230118MM1_P1a,430418_430419,E04,SH-SY5Y,24 h,DMSO,0.1,%,0.10%,ATP,1.0,mM,1 mM,,,,,430418_430419_E04
70117_20230118MM1_P1a,430418_430419,M04,SH-SY5Y,24 h,DMSO,0.1,%,0.10%,ATP,1.0,mM,1 mM,,,,,430418_430419_M04
70117_20230118MM1_P1a,430418_430419,E05,SH-SY5Y,24 h,DMSO,0.1,%,0.10%,ATP,1.0,mM,1 mM,,,,,430418_430419_E05
70117_20230118MM1_P1a,430418_430419,M05,SH-SY5Y,24 h,DMSO,0.1,%,0.10%,ATP,1.0,mM,1 mM,,,,,430418_430419_M05
70117_20230118MM1_P1a,430418_430419,E06,SH-SY5Y,24 h,DMSO,0.1,%,0.10%,ATP,1.0,mM,1 mM,,,,,430418_430419_E06
70117_20230118MM1_P1a,430418_430419,M06,SH-SY5Y,24 h,DMSO,0.1,%,0.10%,ATP,1.0,mM,1 mM,,,,,430418_430419_M06
70117_20230118MM1_P1a,430418_430419,I013,SH-SY5Y,24 h,DMSO,0.1,%,0.10%,ATP,1.0,mM,1 mM,,,,,430418_430419_I013
70117_20230118MM1_P1a,430418_430419,M014,SH-SY5Y,24 h,DMSO,0.1,%,0.10%,ATP,1.0,mM,1 mM,,,,,430418_430419_M014
70117_20230118MM1_P1a,430418_430419,G015,SH-SY5Y,24 h,DMSO,0.1,%,0.10%,ATP,1.0,mM,1 mM,,,,,430418_430419_G015
70117_20230118MM1_P1a,430418_430419,D016,SH-SY5Y,24 h,DMSO,0.1,%,0.10%,ATP,1.0,mM,1 mM,,,,,430418_430419_D016
70117_20230118MM1_P1a,430418_430419,D017,SH-SY5Y,24 h,DMSO,0.1,%,0.10%,ATP,1.0,mM,1 mM,,,,,430418_430419_D017
70117_20230118MM1_P1a,430418_430419,L018,SH-SY5Y,24 h,DMSO,0.1,%,0.10%,ATP,1.0,mM,1 mM,,,,,430418_430419_L018
70117_20230118MM1_P1a,430418_430419,I019,SH-SY5Y,24 h,DMSO,0.1,%,0.10%,ATP,1.0,mM,1 mM,,,,,430418_430419_I019
70117_20230118MM1_P1a,430418_430419,M020,SH-SY5Y,24 h,DMSO,0.1,%,0.10%,ATP,1.0,mM,1 mM,,,,,430418_430419_M020
70117_20230118MM1_P1a,430418_430419,G021,SH-SY5Y,24 h,DMSO,0.1,%,0.10%,ATP,1.0,mM,1 mM,,,,,430418_430419_G021
70117_20230118MM1_P1a,430418_430419,D022,SH-SY5Y,24 h,DMSO,0.1,%,0.10%,ATP,1.0,mM,1 mM,,,,,430418_430419_D022
70117_20230118MM1_P1a,430418_430419,D023,SH-SY5Y,24 h,DMSO,0.1,%,0.10%,ATP,1.0,mM,1 mM,,,,,430418_430419_D023
70117_20230118MM1_P1a,430418_430419,L024,SH-SY5Y,24 h,DMSO,0.1,%,0.10%,ATP,1.0,mM,1 mM,,,,,430418_430419_L024
70117_20230118MM1_P1a,430418_430419,F07,SH-SY5Y,24 h,DMSO,0.1,%,0.10%,LPS,1.0,µg/ml,1 µg/ml,Nigericin,1.0,µM,1 µM,430418_430419_F07
70117_20230118MM1_P1a,430418_430419,N07,SH-SY5Y,24 h,DMSO,0.1,%,0.10%,LPS,1.0,µg/ml,1 µg/ml,Nigericin,1.0,µM,1 µM,430418_430419_N07
70117_20230118MM1_P1a,430418_430419,F08,SH-SY5Y,24 h,DMSO,0.1,%,0.10%,LPS,1.0,µg/ml,1 µg/ml,Nigericin,1.0,µM,1 µM,430418_430419_F08
70117_20230118MM1_P1a,430418_430419,N08,SH-SY5Y,24 h,DMSO,0.1,%,0.10%,LPS,1.0,µg/ml,1 µg/ml,Nigericin,1.0,µM,1 µM,430418_430419_N08
70117_20230118MM1_P1a,430418_430419,F09,SH-SY5Y,24 h,DMSO,0.1,%,0.10%,LPS,1.0,µg/ml,1 µg/ml,Nigericin,1.0,µM,1 µM,430418_430419_F09
70117_20230118MM1_P1a,430418_430419,N09,SH-SY5Y,24 h,DMSO,0.1,%,0.10%,LPS,1.0,µg/ml,1 µg/ml,Nigericin,1.0,µM,1 µM,430418_430419_N09
70117_20230118MM1_P1a,430418_430419,F010,SH-SY5Y,24 h,DMSO,0.1,%,0.10%,LPS,1.0,µg/ml,1 µg/ml,Nigericin,1.0,µM,1 µM,430418_430419_F010
70117_20230118MM1_P1a,430418_430419,N010,SH-SY5Y,24 h,DMSO,0.1,%,0.10%,LPS,1.0,µg/ml,1 µg/ml,Nigericin,1.0,µM,1 µM,430418_430419_N010
70117_20230118MM1_P1a,430418_430419,F011,SH-SY5Y,24 h,DMSO,0.1,%,0.10%,LPS,1.0,µg/ml,1 µg/ml,Nigericin,1.0,µM,1 µM,430418_430419_F011
70117_20230118MM1_P1a,430418_430419,N011,SH-SY5Y,24 h,DMSO,0.1,%,0.10%,LPS,1.0,µg/ml,1 µg/ml,Nigericin,1.0,µM,1 µM,430418_430419_N011
70117_20230118MM1_P1a,430418_430419,F012,SH-SY5Y,24 h,DMSO,0.1,%,0.10%,LPS,1.0,µg/ml,1 µg/ml,Nigericin,1.0,µM,1 µM,430418_430419_F012
70117_20230118MM1_P1a,430418_430419,N012,SH-SY5Y,24 h,DMSO,0.1,%,0.10%,LPS,1.0,µg/ml,1 µg/ml,Nigericin,1.0,µM,1 µM,430418_430419_N012
70117_20230118MM1_P1a,430418_430419,L013,SH-SY5Y,24 h,DMSO,0.1,%,0.10%,LPS,1.0,µg/ml,1 µg/ml,Nigericin,1.0,µM,1 µM,430418_430419_L013
70117_20230118MM1_P1a,430418_430419,P014,SH-SY5Y,24 h,DMSO,0.1,%,0.10%,LPS,1.0,µg/ml,1 µg/ml,Nigericin,1.0,µM,1 µM,430418_430419_P014
70117_20230118MM1_P1a,430418_430419,F015,SH-SY5Y,24 h,DMSO,0.1,%,0.10%,LPS,1.0,µg/ml,1 µg/ml,Nigericin,1.0,µM,1 µM,430418_430419_F015
70117_20230118MM1_P1a,430418_430419,A016,SH-SY5Y,24 h,DMSO,0.1,%,0.10%,LPS,1.0,µg/ml,1 µg/ml,Nigericin,1.0,µM,1 µM,430418_430419_A016
70117_20230118MM1_P1a,430418_430419,K017,SH-SY5Y,24 h,DMSO,0.1,%,0.10%,LPS,1.0,µg/ml,1 µg/ml,Nigericin,1.0,µM,1 µM,430418_430419_K017
70117_20230118MM1_P1a,430418_430419,C018,SH-SY5Y,24 h,DMSO,0.1,%,0.10%,LPS,1.0,µg/ml,1 µg/ml,Nigericin,1.0,µM,1 µM,430418_430419_C018
70117_20230118MM1_P1a,430418_430419,L019,SH-SY5Y,24 h,DMSO,0.1,%,0.10%,LPS,1.0,µg/ml,1 µg/ml,Nigericin,1.0,µM,1 µM,430418_430419_L019
70117_20230118MM1_P1a,430418_430419,P020,SH-SY5Y,24 h,DMSO,0.1,%,0.10%,LPS,1.0,µg/ml,1 µg/ml,Nigericin,1.0,µM,1 µM,430418_430419_P020
70117_20230118MM1_P1a,430418_430419,F021,SH-SY5Y,24 h,DMSO,0.1,%,0.10%,LPS,1.0,µg/ml,1 µg/ml,Nigericin,1.0,µM,1 µM,430418_430419_F021
70117_20230118MM1_P1a,430418_430419,A022,SH-SY5Y,24 h,DMSO,0.1,%,0.10%,LPS,1.0,µg/ml,1 µg/ml,Nigericin,1.0,µM,1 µM,430418_430419_A022
70117_20230118MM1_P1a,430418_430419,K023,SH-SY5Y,24 h,DMSO,0.1,%,0.10%,LPS,1.0,µg/ml,1 µg/ml,Nigericin,1.0,µM,1 µM,430418_430419_K023
70117_20230118MM1_P1a,430418_430419,C024,SH-SY5Y,24 h,DMSO,0.1,%,0.10%,LPS,1.0,µg/ml,1 µg/ml,Nigericin,1.0,µM,1 µM,430418_430419_C024
70117_20230118MM1_P1a,430418_430419,E07,SH-SY5Y,24 h,DMSO,0.1,%,0.10%,LPS,1.0,µg/ml,1 µg/ml,Nigericin,10.0,µM,10 µM,430418_430419_E07
70117_20230118MM1_P1a,430418_430419,M07,SH-SY5Y,24 h,DMSO,0.1,%,0.10%,LPS,1.0,µg/ml,1 µg/ml,Nigericin,10.0,µM,10 µM,430418_430419_M07
70117_20230118MM1_P1a,430418_430419,E08,SH-SY5Y,24 h,DMSO,0.1,%,0.10%,LPS,1.0,µg/ml,1 µg/ml,Nigericin,10.0,µM,10 µM,430418_430419_E08
70117_20230118MM1_P1a,430418_430419,M08,SH-SY5Y,24 h,DMSO,0.1,%,0.10%,LPS,1.0,µg/ml,1 µg/ml,Nigericin,10.0,µM,10 µM,430418_430419_M08
70117_20230118MM1_P1a,430418_430419,E09,SH-SY5Y,24 h,DMSO,0.1,%,0.10%,LPS,1.0,µg/ml,1 µg/ml,Nigericin,10.0,µM,10 µM,430418_430419_E09
70117_20230118MM1_P1a,430418_430419,M09,SH-SY5Y,24 h,DMSO,0.1,%,0.10%,LPS,1.0,µg/ml,1 µg/ml,Nigericin,10.0,µM,10 µM,430418_430419_M09
70117_20230118MM1_P1a,430418_430419,E010,SH-SY5Y,24 h,DMSO,0.1,%,0.10%,LPS,1.0,µg/ml,1 µg/ml,Nigericin,10.0,µM,10 µM,430418_430419_E010
70117_20230118MM1_P1a,430418_430419,M010,SH-SY5Y,24 h,DMSO,0.1,%,0.10%,LPS,1.0,µg/ml,1 µg/ml,Nigericin,10.0,µM,10 µM,430418_430419_M010
70117_20230118MM1_P1a,430418_430419,E011,SH-SY5Y,24 h,DMSO,0.1,%,0.10%,LPS,1.0,µg/ml,1 µg/ml,Nigericin,10.0,µM,10 µM,430418_430419_E011
70117_20230118MM1_P1a,430418_430419,M011,SH-SY5Y,24 h,DMSO,0.1,%,0.10%,LPS,1.0,µg/ml,1 µg/ml,Nigericin,10.0,µM,10 µM,430418_430419_M011
70117_20230118MM1_P1a,430418_430419,E012,SH-SY5Y,24 h,DMSO,0.1,%,0.10%,LPS,1.0,µg/ml,1 µg/ml,Nigericin,10.0,µM,10 µM,430418_430419_E012
70117_20230118MM1_P1a,430418_430419,M012,SH-SY5Y,24 h,DMSO,0.1,%,0.10%,LPS,1.0,µg/ml,1 µg/ml,Nigericin,10.0,µM,10 µM,430418_430419_M012
70117_20230118MM1_P1a,430418_430419,J013,SH-SY5Y,24 h,DMSO,0.1,%,0.10%,LPS,1.0,µg/ml,1 µg/ml,Nigericin,10.0,µM,10 µM,430418_430419_J013
70117_20230118MM1_P1a,430418_430419,N014,SH-SY5Y,24 h,DMSO,0.1,%,0.10%,LPS,1.0,µg/ml,1 µg/ml,Nigericin,10.0,µM,10 µM,430418_430419_N014
70117_20230118MM1_P1a,430418_430419,H015,SH-SY5Y,24 h,DMSO,0.1,%,0.10%,LPS,1.0,µg/ml,1 µg/ml,Nigericin,10.0,µM,10 µM,430418_430419_H015
70117_20230118MM1_P1a,430418_430419,C016,SH-SY5Y,24 h,DMSO,0.1,%,0.10%,LPS,1.0,µg/ml,1 µg/ml,Nigericin,10.0,µM,10 µM,430418_430419_C016
70117_20230118MM1_P1a,430418_430419,L017,SH-SY5Y,24 h,DMSO,0.1,%,0.10%,LPS,1.0,µg/ml,1 µg/ml,Nigericin,10.0,µM,10 µM,430418_430419_L017
70117_20230118MM1_P1a,430418_430419,D018,SH-SY5Y,24 h,DMSO,0.1,%,0.10%,LPS,1.0,µg/ml,1 µg/ml,Nigericin,10.0,µM,10 µM,430418_430419_D018
70117_20230118MM1_P1a,430418_430419,J019,SH-SY5Y,24 h,DMSO,0.1,%,0.10%,LPS,1.0,µg/ml,1 µg/ml,Nigericin,10.0,µM,10 µM,430418_430419_J019
70117_20230118MM1_P1a,430418_430419,N020,SH-SY5Y,24 h,DMSO,0.1,%,0.10%,LPS,1.0,µg/ml,1 µg/ml,Nigericin,10.0,µM,10 µM,430418_430419_N020
70117_20230118MM1_P1a,430418_430419,H021,SH-SY5Y,24 h,DMSO,0.1,%,0.10%,LPS,1.0,µg/ml,1 µg/ml,Nigericin,10.0,µM,10 µM,430418_430419_H021
70117_20230118MM1_P1a,430418_430419,C022,SH-SY5Y,24 h,DMSO,0.1,%,0.10%,LPS,1.0,µg/ml,1 µg/ml,Nigericin,10.0,µM,10 µM,430418_430419_C022
70117_20230118MM1_P1a,430418_430419,L023,SH-SY5Y,24 h,DMSO,0.1,%,0.10%,LPS,1.0,µg/ml,1 µg/ml,Nigericin,10.0,µM,10 µM,430418_430419_L023
70117_20230118MM1_P1a,430418_430419,D024,SH-SY5Y,24 h,DMSO,0.1,%,0.10%,LPS,1.0,µg/ml,1 µg/ml,Nigericin,10.0,µM,10 µM,430418_430419_D024
70117_20230118MM1_P1a,430418_430419,B01,SH-SY5Y,24 h,DMSO,0.1,%,0.10%,LPS,1.0,µg/ml,1 µg/ml,,,,,430418_430419_B01
70117_20230118MM1_P1a,430418_430419,G01,SH-SY5Y,24 h,DMSO,0.1,%,0.10%,Flagellin,1.0,µg/ml,1 µg/ml,,,,,430418_430419_G01
70117_20230118MM1_P1a,430418_430419,J01,SH-SY5Y,24 h,DMSO,0.1,%,0.10%,LPS,1.0,µg/ml,1 µg/ml,,,,,430418_430419_J01
70117_20230118MM1_P1a,430418_430419,O01,SH-SY5Y,24 h,DMSO,0.1,%,0.10%,Flagellin,1.0,µg/ml,1 µg/ml,,,,,430418_430419_O01
70117_20230118MM1_P1a,430418_430419,B02,SH-SY5Y,24 h,DMSO,0.1,%,0.10%,LPS,1.0,µg/ml,1 µg/ml,,,,,430418_430419_B02
70117_20230118MM1_P1a,430418_430419,G02,SH-SY5Y,24 h,DMSO,0.1,%,0.10%,Flagellin,1.0,µg/ml,1 µg/ml,,,,,430418_430419_G02
70117_20230118MM1_P1a,430418_430419,J02,SH-SY5Y,24 h,DMSO,0.1,%,0.10%,LPS,1.0,µg/ml,1 µg/ml,,,,,430418_430419_J02
70117_20230118MM1_P1a,430418_430419,O02,SH-SY5Y,24 h,DMSO,0.1,%,0.10%,Flagellin,1.0,µg/ml,1 µg/ml,,,,,430418_430419_O02
70117_20230118MM1_P1a,430418_430419,B03,SH-SY5Y,24 h,DMSO,0.1,%,0.10%,LPS,1.0,µg/ml,1 µg/ml,,,,,430418_430419_B03
70117_20230118MM1_P1a,430418_430419,G03,SH-SY5Y,24 h,DMSO,0.1,%,0.10%,Flagellin,1.0,µg/ml,1 µg/ml,,,,,430418_430419_G03
70117_20230118MM1_P1a,430418_430419,J03,SH-SY5Y,24 h,DMSO,0.1,%,0.10%,LPS,1.0,µg/ml,1 µg/ml,,,,,430418_430419_J03
70117_20230118MM1_P1a,430418_430419,O03,SH-SY5Y,24 h,DMSO,0.1,%,0.10%,Flagellin,1.0,µg/ml,1 µg/ml,,,,,430418_430419_O03
70117_20230118MM1_P1a,430418_430419,B04,SH-SY5Y,24 h,DMSO,0.1,%,0.10%,LPS,1.0,µg/ml,1 µg/ml,,,,,430418_430419_B04
70117_20230118MM1_P1a,430418_430419,G04,SH-SY5Y,24 h,DMSO,0.1,%,0.10%,Flagellin,1.0,µg/ml,1 µg/ml,,,,,430418_430419_G04
70117_20230118MM1_P1a,430418_430419,J04,SH-SY5Y,24 h,DMSO,0.1,%,0.10%,LPS,1.0,µg/ml,1 µg/ml,,,,,430418_430419_J04
70117_20230118MM1_P1a,430418_430419,O04,SH-SY5Y,24 h,DMSO,0.1,%,0.10%,Flagellin,1.0,µg/ml,1 µg/ml,,,,,430418_430419_O04
70117_20230118MM1_P1a,430418_430419,B05,SH-SY5Y,24 h,DMSO,0.1,%,0.10%,LPS,1.0,µg/ml,1 µg/ml,,,,,430418_430419_B05
70117_20230118MM1_P1a,430418_430419,G05,SH-SY5Y,24 h,DMSO,0.1,%,0.10%,Flagellin,1.0,µg/ml,1 µg/ml,,,,,430418_430419_G05
70117_20230118MM1_P1a,430418_430419,J05,SH-SY5Y,24 h,DMSO,0.1,%,0.10%,LPS,1.0,µg/ml,1 µg/ml,,,,,430418_430419_J05
70117_20230118MM1_P1a,430418_430419,O05,SH-SY5Y,24 h,DMSO,0.1,%,0.10%,Flagellin,1.0,µg/ml,1 µg/ml,,,,,430418_430419_O05
70117_20230118MM1_P1a,430418_430419,B06,SH-SY5Y,24 h,DMSO,0.1,%,0.10%,LPS,1.0,µg/ml,1 µg/ml,,,,,430418_430419_B06
70117_20230118MM1_P1a,430418_430419,G06,SH-SY5Y,24 h,DMSO,0.1,%,0.10%,Flagellin,1.0,µg/ml,1 µg/ml,,,,,430418_430419_G06
70117_20230118MM1_P1a,430418_430419,J06,SH-SY5Y,24 h,DMSO,0.1,%,0.10%,LPS,1.0,µg/ml,1 µg/ml,,,,,430418_430419_J06
70117_20230118MM1_P1a,430418_430419,O06,SH-SY5Y,24 h,DMSO,0.1,%,0.10%,Flagellin,1.0,µg/ml,1 µg/ml,,,,,430418_430419_O06
70117_20230118MM1_P1a,430418_430419,C013,SH-SY5Y,24 h,DMSO,0.1,%,0.10%,LPS,1.0,µg/ml,1 µg/ml,,,,,430418_430419_C013
70117_20230118MM1_P1a,430418_430419,M013,SH-SY5Y,24 h,DMSO,0.1,%,0.10%,Flagellin,1.0,µg/ml,1 µg/ml,,,,,430418_430419_M013
70117_20230118MM1_P1a,430418_430419,A014,SH-SY5Y,24 h,DMSO,0.1,%,0.10%,Flagellin,1.0,µg/ml,1 µg/ml,,,,,430418_430419_A014
70117_20230118MM1_P1a,430418_430419,G014,SH-SY5Y,24 h,DMSO,0.1,%,0.10%,LPS,1.0,µg/ml,1 µg/ml,,,,,430418_430419_G014
70117_20230118MM1_P1a,430418_430419,C015,SH-SY5Y,24 h,DMSO,0.1,%,0.10%,Flagellin,1.0,µg/ml,1 µg/ml,,,,,430418_430419_C015
70117_20230118MM1_P1a,430418_430419,M015,SH-SY5Y,24 h,DMSO,0.1,%,0.10%,LPS,1.0,µg/ml,1 µg/ml,,,,,430418_430419_M015
70117_20230118MM1_P1a,430418_430419,J016,SH-SY5Y,24 h,DMSO,0.1,%,0.10%,LPS,1.0,µg/ml,1 µg/ml,,,,,430418_430419_J016
70117_20230118MM1_P1a,430418_430419,P016,SH-SY5Y,24 h,DMSO,0.1,%,0.10%,Flagellin,1.0,µg/ml,1 µg/ml,,,,,430418_430419_P016
70117_20230118MM1_P1a,430418_430419,B017,SH-SY5Y,24 h,DMSO,0.1,%,0.10%,Flagellin,1.0,µg/ml,1 µg/ml,,,,,430418_430419_B017
70117_20230118MM1_P1a,430418_430419,G017,SH-SY5Y,24 h,DMSO,0.1,%,0.10%,LPS,1.0,µg/ml,1 µg/ml,,,,,430418_430419_G017
70117_20230118MM1_P1a,430418_430419,J018,SH-SY5Y,24 h,DMSO,0.1,%,0.10%,Flagellin,1.0,µg/ml,1 µg/ml,,,,,430418_430419_J018
70117_20230118MM1_P1a,430418_430419,O018,SH-SY5Y,24 h,DMSO,0.1,%,0.10%,LPS,1.0,µg/ml,1 µg/ml,,,,,430418_430419_O018
70117_20230118MM1_P1a,430418_430419,C019,SH-SY5Y,24 h,DMSO,0.1,%,0.10%,LPS,1.0,µg/ml,1 µg/ml,,,,,430418_430419_C019
70117_20230118MM1_P1a,430418_430419,M019,SH-SY5Y,24 h,DMSO,0.1,%,0.10%,Flagellin,1.0,µg/ml,1 µg/ml,,,,,430418_430419_M019
70117_20230118MM1_P1a,430418_430419,A020,SH-SY5Y,24 h,DMSO,0.1,%,0.10%,Flagellin,1.0,µg/ml,1 µg/ml,,,,,430418_430419_A020
70117_20230118MM1_P1a,430418_430419,G020,SH-SY5Y,24 h,DMSO,0.1,%,0.10%,LPS,1.0,µg/ml,1 µg/ml,,,,,430418_430419_G020
70117_20230118MM1_P1a,430418_430419,C021,SH-SY5Y,24 h,DMSO,0.1,%,0.10%,Flagellin,1.0,µg/ml,1 µg/ml,,,,,430418_430419_C021
70117_20230118MM1_P1a,430418_430419,M021,SH-SY5Y,24 h,DMSO,0.1,%,0.10%,LPS,1.0,µg/ml,1 µg/ml,,,,,430418_430419_M021
70117_20230118MM1_P1a,430418_430419,J022,SH-SY5Y,24 h,DMSO,0.1,%,0.10%,LPS,1.0,µg/ml,1 µg/ml,,,,,430418_430419_J022
70117_20230118MM1_P1a,430418_430419,P022,SH-SY5Y,24 h,DMSO,0.1,%,0.10%,Flagellin,1.0,µg/ml,1 µg/ml,,,,,430418_430419_P022
70117_20230118MM1_P1a,430418_430419,B023,SH-SY5Y,24 h,DMSO,0.1,%,0.10%,Flagellin,1.0,µg/ml,1 µg/ml,,,,,430418_430419_B023
70117_20230118MM1_P1a,430418_430419,G023,SH-SY5Y,24 h,DMSO,0.1,%,0.10%,LPS,1.0,µg/ml,1 µg/ml,,,,,430418_430419_G023
70117_20230118MM1_P1a,430418_430419,J024,SH-SY5Y,24 h,DMSO,0.1,%,0.10%,Flagellin,1.0,µg/ml,1 µg/ml,,,,,430418_430419_J024
70117_20230118MM1_P1a,430418_430419,O024,SH-SY5Y,24 h,DMSO,0.1,%,0.10%,LPS,1.0,µg/ml,1 µg/ml,,,,,430418_430419_O024
70117_20230118MM1_P1a,430418_430419,D07,SH-SY5Y,24 h,DMSO,0.1,%,0.10%,Thapsi,1.0,µM,1 µM,,,,,430418_430419_D07
70117_20230118MM1_P1a,430418_430419,L07,SH-SY5Y,24 h,DMSO,0.1,%,0.10%,Thapsi,1.0,µM,1 µM,,,,,430418_430419_L07
70117_20230118MM1_P1a,430418_430419,D08,SH-SY5Y,24 h,DMSO,0.1,%,0.10%,Thapsi,1.0,µM,1 µM,,,,,430418_430419_D08
70117_20230118MM1_P1a,430418_430419,L08,SH-SY5Y,24 h,DMSO,0.1,%,0.10%,Thapsi,1.0,µM,1 µM,,,,,430418_430419_L08
70117_20230118MM1_P1a,430418_430419,D09,SH-SY5Y,24 h,DMSO,0.1,%,0.10%,Thapsi,1.0,µM,1 µM,,,,,430418_430419_D09
70117_20230118MM1_P1a,430418_430419,L09,SH-SY5Y,24 h,DMSO,0.1,%,0.10%,Thapsi,1.0,µM,1 µM,,,,,430418_430419_L09
70117_20230118MM1_P1a,430418_430419,D010,SH-SY5Y,24 h,DMSO,0.1,%,0.10%,Thapsi,1.0,µM,1 µM,,,,,430418_430419_D010
70117_20230118MM1_P1a,430418_430419,L010,SH-SY5Y,24 h,DMSO,0.1,%,0.10%,Thapsi,1.0,µM,1 µM,,,,,430418_430419_L010
70117_20230118MM1_P1a,430418_430419,D011,SH-SY5Y,24 h,DMSO,0.1,%,0.10%,Thapsi,1.0,µM,1 µM,,,,,430418_430419_D011
70117_20230118MM1_P1a,430418_430419,L011,SH-SY5Y,24 h,DMSO,0.1,%,0.10%,Thapsi,1.0,µM,1 µM,,,,,430418_430419_L011
70117_20230118MM1_P1a,430418_430419,D012,SH-SY5Y,24 h,DMSO,0.1,%,0.10%,Thapsi,1.0,µM,1 µM,,,,,430418_430419_D012
70117_20230118MM1_P1a,430418_430419,L012,SH-SY5Y,24 h,DMSO,0.1,%,0.10%,Thapsi,1.0,µM,1 µM,,,,,430418_430419_L012
70117_20230118MM1_P1a,430418_430419,H013,SH-SY5Y,24 h,DMSO,0.1,%,0.10%,Thapsi,1.0,µM,1 µM,,,,,430418_430419_H013
70117_20230118MM1_P1a,430418_430419,L014,SH-SY5Y,24 h,DMSO,0.1,%,0.10%,Thapsi,1.0,µM,1 µM,,,,,430418_430419_L014
70117_20230118MM1_P1a,430418_430419,J015,SH-SY5Y,24 h,DMSO,0.1,%,0.10%,Thapsi,1.0,µM,1 µM,,,,,430418_430419_J015
70117_20230118MM1_P1a,430418_430419,E016,SH-SY5Y,24 h,DMSO,0.1,%,0.10%,Thapsi,1.0,µM,1 µM,,,,,430418_430419_E016
70117_20230118MM1_P1a,430418_430419,M017,SH-SY5Y,24 h,DMSO,0.1,%,0.10%,Thapsi,1.0,µM,1 µM,,,,,430418_430419_M017
70117_20230118MM1_P1a,430418_430419,E018,SH-SY5Y,24 h,DMSO,0.1,%,0.10%,Thapsi,1.0,µM,1 µM,,,,,430418_430419_E018
70117_20230118MM1_P1a,430418_430419,H019,SH-SY5Y,24 h,DMSO,0.1,%,0.10%,Thapsi,1.0,µM,1 µM,,,,,430418_430419_H019
70117_20230118MM1_P1a,430418_430419,L020,SH-SY5Y,24 h,DMSO,0.1,%,0.10%,Thapsi,1.0,µM,1 µM,,,,,430418_430419_L020
70117_20230118MM1_P1a,430418_430419,J021,SH-SY5Y,24 h,DMSO,0.1,%,0.10%,Thapsi,1.0,µM,1 µM,,,,,430418_430419_J021
70117_20230118MM1_P1a,430418_430419,E022,SH-SY5Y,24 h,DMSO,0.1,%,0.10%,Thapsi,1.0,µM,1 µM,,,,,430418_430419_E022
70117_20230118MM1_P1a,430418_430419,M023,SH-SY5Y,24 h,DMSO,0.1,%,0.10%,Thapsi,1.0,µM,1 µM,,,,,430418_430419_M023
70117_20230118MM1_P1a,430418_430419,E024,SH-SY5Y,24 h,DMSO,0.1,%,0.10%,Thapsi,1.0,µM,1 µM,,,,,430418_430419_E024
70117_20230118MM1_P1a,430418_430419,A01,SH-SY5Y,24 h,DMSO,0.1,%,0.10%,LPS,10.0,µg/ml,10 µg/ml,,,,,430418_430419_A01
70117_20230118MM1_P1a,430418_430419,I01,SH-SY5Y,24 h,DMSO,0.1,%,0.10%,LPS,10.0,µg/ml,10 µg/ml,,,,,430418_430419_I01
70117_20230118MM1_P1a,430418_430419,A02,SH-SY5Y,24 h,DMSO,0.1,%,0.10%,LPS,10.0,µg/ml,10 µg/ml,,,,,430418_430419_A02
70117_20230118MM1_P1a,430418_430419,I02,SH-SY5Y,24 h,DMSO,0.1,%,0.10%,LPS,10.0,µg/ml,10 µg/ml,,,,,430418_430419_I02
70117_20230118MM1_P1a,430418_430419,A03,SH-SY5Y,24 h,DMSO,0.1,%,0.10%,LPS,10.0,µg/ml,10 µg/ml,,,,,430418_430419_A03
70117_20230118MM1_P1a,430418_430419,I03,SH-SY5Y,24 h,DMSO,0.1,%,0.10%,LPS,10.0,µg/ml,10 µg/ml,,,,,430418_430419_I03
70117_20230118MM1_P1a,430418_430419,A04,SH-SY5Y,24 h,DMSO,0.1,%,0.10%,LPS,10.0,µg/ml,10 µg/ml,,,,,430418_430419_A04
70117_20230118MM1_P1a,430418_430419,I04,SH-SY5Y,24 h,DMSO,0.1,%,0.10%,LPS,10.0,µg/ml,10 µg/ml,,,,,430418_430419_I04
70117_20230118MM1_P1a,430418_430419,A05,SH-SY5Y,24 h,DMSO,0.1,%,0.10%,LPS,10.0,µg/ml,10 µg/ml,,,,,430418_430419_A05
70117_20230118MM1_P1a,430418_430419,I05,SH-SY5Y,24 h,DMSO,0.1,%,0.10%,LPS,10.0,µg/ml,10 µg/ml,,,,,430418_430419_I05
70117_20230118MM1_P1a,430418_430419,A06,SH-SY5Y,24 h,DMSO,0.1,%,0.10%,LPS,10.0,µg/ml,10 µg/ml,,,,,430418_430419_A06
70117_20230118MM1_P1a,430418_430419,I06,SH-SY5Y,24 h,DMSO,0.1,%,0.10%,LPS,10.0,µg/ml,10 µg/ml,,,,,430418_430419_I06
70117_20230118MM1_P1a,430418_430419,A013,SH-SY5Y,24 h,DMSO,0.1,%,0.10%,LPS,10.0,µg/ml,10 µg/ml,,,,,430418_430419_A013
70117_20230118MM1_P1a,430418_430419,E014,SH-SY5Y,24 h,DMSO,0.1,%,0.10%,LPS,10.0,µg/ml,10 µg/ml,,,,,430418_430419_E014
70117_20230118MM1_P1a,430418_430419,O015,SH-SY5Y,24 h,DMSO,0.1,%,0.10%,LPS,10.0,µg/ml,10 µg/ml,,,,,430418_430419_O015
70117_20230118MM1_P1a,430418_430419,L016,SH-SY5Y,24 h,DMSO,0.1,%,0.10%,LPS,10.0,µg/ml,10 µg/ml,,,,,430418_430419_L016
70117_20230118MM1_P1a,430418_430419,H017,SH-SY5Y,24 h,DMSO,0.1,%,0.10%,LPS,10.0,µg/ml,10 µg/ml,,,,,430418_430419_H017
70117_20230118MM1_P1a,430418_430419,P018,SH-SY5Y,24 h,DMSO,0.1,%,0.10%,LPS,10.0,µg/ml,10 µg/ml,,,,,430418_430419_P018
70117_20230118MM1_P1a,430418_430419,A019,SH-SY5Y,24 h,DMSO,0.1,%,0.10%,LPS,10.0,µg/ml,10 µg/ml,,,,,430418_430419_A019
70117_20230118MM1_P1a,430418_430419,E020,SH-SY5Y,24 h,DMSO,0.1,%,0.10%,LPS,10.0,µg/ml,10 µg/ml,,,,,430418_430419_E020
70117_20230118MM1_P1a,430418_430419,O021,SH-SY5Y,24 h,DMSO,0.1,%,0.10%,LPS,10.0,µg/ml,10 µg/ml,,,,,430418_430419_O021
70117_20230118MM1_P1a,430418_430419,L022,SH-SY5Y,24 h,DMSO,0.1,%,0.10%,LPS,10.0,µg/ml,10 µg/ml,,,,,430418_430419_L022
70117_20230118MM1_P1a,430418_430419,H023,SH-SY5Y,24 h,DMSO,0.1,%,0.10%,LPS,10.0,µg/ml,10 µg/ml,,,,,430418_430419_H023
70117_20230118MM1_P1a,430418_430419,P024,SH-SY5Y,24 h,DMSO,0.1,%,0.10%,LPS,10.0,µg/ml,10 µg/ml,,,,,430418_430419_P024
70117_20230118MM1_P1a,430418_430419,C07,SH-SY5Y,24 h,DMSO,0.1,%,0.10%,Thapsi,10.0,µM,10 µM,,,,,430418_430419_C07
70117_20230118MM1_P1a,430418_430419,K07,SH-SY5Y,24 h,DMSO,0.1,%,0.10%,Thapsi,10.0,µM,10 µM,,,,,430418_430419_K07
70117_20230118MM1_P1a,430418_430419,C08,SH-SY5Y,24 h,DMSO,0.1,%,0.10%,Thapsi,10.0,µM,10 µM,,,,,430418_430419_C08
70117_20230118MM1_P1a,430418_430419,K08,SH-SY5Y,24 h,DMSO,0.1,%,0.10%,Thapsi,10.0,µM,10 µM,,,,,430418_430419_K08
70117_20230118MM1_P1a,430418_430419,C09,SH-SY5Y,24 h,DMSO,0.1,%,0.10%,Thapsi,10.0,µM,10 µM,,,,,430418_430419_C09
70117_20230118MM1_P1a,430418_430419,K09,SH-SY5Y,24 h,DMSO,0.1,%,0.10%,Thapsi,10.0,µM,10 µM,,,,,430418_430419_K09
70117_20230118MM1_P1a,430418_430419,C010,SH-SY5Y,24 h,DMSO,0.1,%,0.10%,Thapsi,10.0,µM,10 µM,,,,,430418_430419_C010
70117_20230118MM1_P1a,430418_430419,K010,SH-SY5Y,24 h,DMSO,0.1,%,0.10%,Thapsi,10.0,µM,10 µM,,,,,430418_430419_K010
70117_20230118MM1_P1a,430418_430419,C011,SH-SY5Y,24 h,DMSO,0.1,%,0.10%,Thapsi,10.0,µM,10 µM,,,,,430418_430419_C011
70117_20230118MM1_P1a,430418_430419,K011,SH-SY5Y,24 h,DMSO,0.1,%,0.10%,Thapsi,10.0,µM,10 µM,,,,,430418_430419_K011
70117_20230118MM1_P1a,430418_430419,C012,SH-SY5Y,24 h,DMSO,0.1,%,0.10%,Thapsi,10.0,µM,10 µM,,,,,430418_430419_C012
70117_20230118MM1_P1a,430418_430419,K012,SH-SY5Y,24 h,DMSO,0.1,%,0.10%,Thapsi,10.0,µM,10 µM,,,,,430418_430419_K012
70117_20230118MM1_P1a,430418_430419,F013,SH-SY5Y,24 h,DMSO,0.1,%,0.10%,Thapsi,10.0,µM,10 µM,,,,,430418_430419_F013
70117_20230118MM1_P1a,430418_430419,J014,SH-SY5Y,24 h,DMSO,0.1,%,0.10%,Thapsi,10.0,µM,10 µM,,,,,430418_430419_J014
70117_20230118MM1_P1a,430418_430419,L015,SH-SY5Y,24 h,DMSO,0.1,%,0.10%,Thapsi,10.0,µM,10 µM,,,,,430418_430419_L015
70117_20230118MM1_P1a,430418_430419,G016,SH-SY5Y,24 h,DMSO,0.1,%,0.10%,Thapsi,10.0,µM,10 µM,,,,,430418_430419_G016
70117_20230118MM1_P1a,430418_430419,N017,SH-SY5Y,24 h,DMSO,0.1,%,0.10%,Thapsi,10.0,µM,10 µM,,,,,430418_430419_N017
70117_20230118MM1_P1a,430418_430419,F018,SH-SY5Y,24 h,DMSO,0.1,%,0.10%,Thapsi,10.0,µM,10 µM,,,,,430418_430419_F018
70117_20230118MM1_P1a,430418_430419,F019,SH-SY5Y,24 h,DMSO,0.1,%,0.10%,Thapsi,10.0,µM,10 µM,,,,,430418_430419_F019
70117_20230118MM1_P1a,430418_430419,J020,SH-SY5Y,24 h,DMSO,0.1,%,0.10%,Thapsi,10.0,µM,10 µM,,,,,430418_430419_J020
70117_20230118MM1_P1a,430418_430419,L021,SH-SY5Y,24 h,DMSO,0.1,%,0.10%,Thapsi,10.0,µM,10 µM,,,,,430418_430419_L021
70117_20230118MM1_P1a,430418_430419,G022,SH-SY5Y,24 h,DMSO,0.1,%,0.10%,Thapsi,10.0,µM,10 µM,,,,,430418_430419_G022
70117_20230118MM1_P1a,430418_430419,N023,SH-SY5Y,24 h,DMSO,0.1,%,0.10%,Thapsi,10.0,µM,10 µM,,,,,430418_430419_N023
70117_20230118MM1_P1a,430418_430419,F024,SH-SY5Y,24 h,DMSO,0.1,%,0.10%,Thapsi,10.0,µM,10 µM,,,,,430418_430419_F024
70117_20230118MM1_P1a,430418_430419,A07,SH-SY5Y,24 h,DMSO,0.1,%,0.10%,Disulfiram,2.5,µM,2.5 µM,,,,,430418_430419_A07
70117_20230118MM1_P1a,430418_430419,I07,SH-SY5Y,24 h,DMSO,0.1,%,0.10%,Disulfiram,2.5,µM,2.5 µM,,,,,430418_430419_I07
70117_20230118MM1_P1a,430418_430419,A08,SH-SY5Y,24 h,DMSO,0.1,%,0.10%,Disulfiram,2.5,µM,2.5 µM,,,,,430418_430419_A08
70117_20230118MM1_P1a,430418_430419,I08,SH-SY5Y,24 h,DMSO,0.1,%,0.10%,Disulfiram,2.5,µM,2.5 µM,,,,,430418_430419_I08
70117_20230118MM1_P1a,430418_430419,A09,SH-SY5Y,24 h,DMSO,0.1,%,0.10%,Disulfiram,2.5,µM,2.5 µM,,,,,430418_430419_A09
70117_20230118MM1_P1a,430418_430419,I09,SH-SY5Y,24 h,DMSO,0.1,%,0.10%,Disulfiram,2.5,µM,2.5 µM,,,,,430418_430419_I09
70117_20230118MM1_P1a,430418_430419,A010,SH-SY5Y,24 h,DMSO,0.1,%,0.10%,Disulfiram,2.5,µM,2.5 µM,,,,,430418_430419_A010
70117_20230118MM1_P1a,430418_430419,I010,SH-SY5Y,24 h,DMSO,0.1,%,0.10%,Disulfiram,2.5,µM,2.5 µM,,,,,430418_430419_I010
70117_20230118MM1_P1a,430418_430419,A011,SH-SY5Y,24 h,DMSO,0.1,%,0.10%,Disulfiram,2.5,µM,2.5 µM,,,,,430418_430419_A011
70117_20230118MM1_P1a,430418_430419,I011,SH-SY5Y,24 h,DMSO,0.1,%,0.10%,Disulfiram,2.5,µM,2.5 µM,,,,,430418_430419_I011
70117_20230118MM1_P1a,430418_430419,A012,SH-SY5Y,24 h,DMSO,0.1,%,0.10%,Disulfiram,2.5,µM,2.5 µM,,,,,430418_430419_A012
70117_20230118MM1_P1a,430418_430419,I012,SH-SY5Y,24 h,DMSO,0.1,%,0.10%,Disulfiram,2.5,µM,2.5 µM,,,,,430418_430419_I012
70117_20230118MM1_P1a,430418_430419,B013,SH-SY5Y,24 h,DMSO,0.1,%,0.10%,Disulfiram,2.5,µM,2.5 µM,,,,,430418_430419_B013
70117_20230118MM1_P1a,430418_430419,F014,SH-SY5Y,24 h,DMSO,0.1,%,0.10%,Disulfiram,2.5,µM,2.5 µM,,,,,430418_430419_F014
70117_20230118MM1_P1a,430418_430419,P015,SH-SY5Y,24 h,DMSO,0.1,%,0.10%,Disulfiram,2.5,µM,2.5 µM,,,,,430418_430419_P015
70117_20230118MM1_P1a,430418_430419,K016,SH-SY5Y,24 h,DMSO,0.1,%,0.10%,Disulfiram,2.5,µM,2.5 µM,,,,,430418_430419_K016
70117_20230118MM1_P1a,430418_430419,P017,SH-SY5Y,24 h,DMSO,0.1,%,0.10%,Disulfiram,2.5,µM,2.5 µM,,,,,430418_430419_P017
70117_20230118MM1_P1a,430418_430419,H018,SH-SY5Y,24 h,DMSO,0.1,%,0.10%,Disulfiram,2.5,µM,2.5 µM,,,,,430418_430419_H018
70117_20230118MM1_P1a,430418_430419,B019,SH-SY5Y,24 h,DMSO,0.1,%,0.10%,Disulfiram,2.5,µM,2.5 µM,,,,,430418_430419_B019
70117_20230118MM1_P1a,430418_430419,F020,SH-SY5Y,24 h,DMSO,0.1,%,0.10%,Disulfiram,2.5,µM,2.5 µM,,,,,430418_430419_F020
70117_20230118MM1_P1a,430418_430419,P021,SH-SY5Y,24 h,DMSO,0.1,%,0.10%,Disulfiram,2.5,µM,2.5 µM,,,,,430418_430419_P021
70117_20230118MM1_P1a,430418_430419,K022,SH-SY5Y,24 h,DMSO,0.1,%,0.10%,Disulfiram,2.5,µM,2.5 µM,,,,,430418_430419_K022
70117_20230118MM1_P1a,430418_430419,P023,SH-SY5Y,24 h,DMSO,0.1,%,0.10%,Disulfiram,2.5,µM,2.5 µM,,,,,430418_430419_P023
70117_20230118MM1_P1a,430418_430419,H024,SH-SY5Y,24 h,DMSO,0.1,%,0.10%,Disulfiram,2.5,µM,2.5 µM,,,,,430418_430419_H024
70117_20230118MM1_P1a,430418_430419,D01,SH-SY5Y,24 h,DMSO,0.1,%,0.10%,H2O2,50.0,µM,50 µM,,,,,430418_430419_D01
70117_20230118MM1_P1a,430418_430419,L01,SH-SY5Y,24 h,DMSO,0.1,%,0.10%,H2O2,50.0,µM,50 µM,,,,,430418_430419_L01
70117_20230118MM1_P1a,430418_430419,D02,SH-SY5Y,24 h,DMSO,0.1,%,0.10%,H2O2,50.0,µM,50 µM,,,,,430418_430419_D02
70117_20230118MM1_P1a,430418_430419,L02,SH-SY5Y,24 h,DMSO,0.1,%,0.10%,H2O2,50.0,µM,50 µM,,,,,430418_430419_L02
70117_20230118MM1_P1a,430418_430419,D03,SH-SY5Y,24 h,DMSO,0.1,%,0.10%,H2O2,50.0,µM,50 µM,,,,,430418_430419_D03
70117_20230118MM1_P1a,430418_430419,L03,SH-SY5Y,24 h,DMSO,0.1,%,0.10%,H2O2,50.0,µM,50 µM,,,,,430418_430419_L03
70117_20230118MM1_P1a,430418_430419,D04,SH-SY5Y,24 h,DMSO,0.1,%,0.10%,H2O2,50.0,µM,50 µM,,,,,430418_430419_D04
70117_20230118MM1_P1a,430418_430419,L04,SH-SY5Y,24 h,DMSO,0.1,%,0.10%,H2O2,50.0,µM,50 µM,,,,,430418_430419_L04
70117_20230118MM1_P1a,430418_430419,D05,SH-SY5Y,24 h,DMSO,0.1,%,0.10%,H2O2,50.0,µM,50 µM,,,,,430418_430419_D05
70117_20230118MM1_P1a,430418_430419,L05,SH-SY5Y,24 h,DMSO,0.1,%,0.10%,H2O2,50.0,µM,50 µM,,,,,430418_430419_L05
70117_20230118MM1_P1a,430418_430419,D06,SH-SY5Y,24 h,DMSO,0.1,%,0.10%,H2O2,50.0,µM,50 µM,,,,,430418_430419_D06
70117_20230118MM1_P1a,430418_430419,L06,SH-SY5Y,24 h,DMSO,0.1,%,0.10%,H2O2,50.0,µM,50 µM,,,,,430418_430419_L06
70117_20230118MM1_P1a,430418_430419,G013,SH-SY5Y,24 h,DMSO,0.1,%,0.10%,H2O2,50.0,µM,50 µM,,,,,430418_430419_G013
70117_20230118MM1_P1a,430418_430419,K014,SH-SY5Y,24 h,DMSO,0.1,%,0.10%,H2O2,50.0,µM,50 µM,,,,,430418_430419_K014
70117_20230118MM1_P1a,430418_430419,I015,SH-SY5Y,24 h,DMSO,0.1,%,0.10%,H2O2,50.0,µM,50 µM,,,,,430418_430419_I015
70117_20230118MM1_P1a,430418_430419,F016,SH-SY5Y,24 h,DMSO,0.1,%,0.10%,H2O2,50.0,µM,50 µM,,,,,430418_430419_F016
70117_20230118MM1_P1a,430418_430419,E017,SH-SY5Y,24 h,DMSO,0.1,%,0.10%,H2O2,50.0,µM,50 µM,,,,,430418_430419_E017
70117_20230118MM1_P1a,430418_430419,M018,SH-SY5Y,24 h,DMSO,0.1,%,0.10%,H2O2,50.0,µM,50 µM,,,,,430418_430419_M018
70117_20230118MM1_P1a,430418_430419,G019,SH-SY5Y,24 h,DMSO,0.1,%,0.10%,H2O2,50.0,µM,50 µM,,,,,430418_430419_G019
70117_20230118MM1_P1a,430418_430419,K020,SH-SY5Y,24 h,DMSO,0.1,%,0.10%,H2O2,50.0,µM,50 µM,,,,,430418_430419_K020
70117_20230118MM1_P1a,430418_430419,I021,SH-SY5Y,24 h,DMSO,0.1,%,0.10%,H2O2,50.0,µM,50 µM,,,,,430418_430419_I021
70117_20230118MM1_P1a,430418_430419,F022,SH-SY5Y,24 h,DMSO,0.1,%,0.10%,H2O2,50.0,µM,50 µM,,,,,430418_430419_F022
70117_20230118MM1_P1a,430418_430419,E023,SH-SY5Y,24 h,DMSO,0.1,%,0.10%,H2O2,50.0,µM,50 µM,,,,,430418_430419_E023
70117_20230118MM1_P1a,430418_430419,M024,SH-SY5Y,24 h,DMSO,0.1,%,0.10%,H2O2,50.0,µM,50 µM,,,,,430418_430419_M024
70117_20230118MM1_P1a,430418_430419,C01,SH-SY5Y,24 h,DMSO,0.1,%,0.10%,H2O2,500.0,µM,500 µM,,,,,430418_430419_C01
70117_20230118MM1_P1a,430418_430419,K01,SH-SY5Y,24 h,DMSO,0.1,%,0.10%,H2O2,500.0,µM,500 µM,,,,,430418_430419_K01
70117_20230118MM1_P1a,430418_430419,C02,SH-SY5Y,24 h,DMSO,0.1,%,0.10%,H2O2,500.0,µM,500 µM,,,,,430418_430419_C02
70117_20230118MM1_P1a,430418_430419,K02,SH-SY5Y,24 h,DMSO,0.1,%,0.10%,H2O2,500.0,µM,500 µM,,,,,430418_430419_K02
70117_20230118MM1_P1a,430418_430419,C03,SH-SY5Y,24 h,DMSO,0.1,%,0.10%,H2O2,500.0,µM,500 µM,,,,,430418_430419_C03
70117_20230118MM1_P1a,430418_430419,K03,SH-SY5Y,24 h,DMSO,0.1,%,0.10%,H2O2,500.0,µM,500 µM,,,,,430418_430419_K03
70117_20230118MM1_P1a,430418_430419,C04,SH-SY5Y,24 h,DMSO,0.1,%,0.10%,H2O2,500.0,µM,500 µM,,,,,430418_430419_C04
70117_20230118MM1_P1a,430418_430419,K04,SH-SY5Y,24 h,DMSO,0.1,%,0.10%,H2O2,500.0,µM,500 µM,,,,,430418_430419_K04
70117_20230118MM1_P1a,430418_430419,C05,SH-SY5Y,24 h,DMSO,0.1,%,0.10%,H2O2,500.0,µM,500 µM,,,,,430418_430419_C05
70117_20230118MM1_P1a,430418_430419,K05,SH-SY5Y,24 h,DMSO,0.1,%,0.10%,H2O2,500.0,µM,500 µM,,,,,430418_430419_K05
70117_20230118MM1_P1a,430418_430419,C06,SH-SY5Y,24 h,DMSO,0.1,%,0.10%,H2O2,500.0,µM,500 µM,,,,,430418_430419_C06
70117_20230118MM1_P1a,430418_430419,K06,SH-SY5Y,24 h,DMSO,0.1,%,0.10%,H2O2,500.0,µM,500 µM,,,,,430418_430419_K06
70117_20230118MM1_P1a,430418_430419,E013,SH-SY5Y,24 h,DMSO,0.1,%,0.10%,H2O2,500.0,µM,500 µM,,,,,430418_430419_E013
70117_20230118MM1_P1a,430418_430419,I014,SH-SY5Y,24 h,DMSO,0.1,%,0.10%,H2O2,500.0,µM,500 µM,,,,,430418_430419_I014
70117_20230118MM1_P1a,430418_430419,K015,SH-SY5Y,24 h,DMSO,0.1,%,0.10%,H2O2,500.0,µM,500 µM,,,,,430418_430419_K015
70117_20230118MM1_P1a,430418_430419,H016,SH-SY5Y,24 h,DMSO,0.1,%,0.10%,H2O2,500.0,µM,500 µM,,,,,430418_430419_H016
70117_20230118MM1_P1a,430418_430419,F017,SH-SY5Y,24 h,DMSO,0.1,%,0.10%,H2O2,500.0,µM,500 µM,,,,,430418_430419_F017
70117_20230118MM1_P1a,430418_430419,N018,SH-SY5Y,24 h,DMSO,0.1,%,0.10%,H2O2,500.0,µM,500 µM,,,,,430418_430419_N018
70117_20230118MM1_P1a,430418_430419,E019,SH-SY5Y,24 h,DMSO,0.1,%,0.10%,H2O2,500.0,µM,500 µM,,,,,430418_430419_E019
70117_20230118MM1_P1a,430418_430419,I020,SH-SY5Y,24 h,DMSO,0.1,%,0.10%,H2O2,500.0,µM,500 µM,,,,,430418_430419_I020
70117_20230118MM1_P1a,430418_430419,K021,SH-SY5Y,24 h,DMSO,0.1,%,0.10%,H2O2,500.0,µM,500 µM,,,,,430418_430419_K021
70117_20230118MM1_P1a,430418_430419,H022,SH-SY5Y,24 h,DMSO,0.1,%,0.10%,H2O2,500.0,µM,500 µM,,,,,430418_430419_H022
70117_20230118MM1_P1a,430418_430419,F023,SH-SY5Y,24 h,DMSO,0.1,%,0.10%,H2O2,500.0,µM,500 µM,,,,,430418_430419_F023
70117_20230118MM1_P1a,430418_430419,N024,SH-SY5Y,24 h,DMSO,0.1,%,0.10%,H2O2,500.0,µM,500 µM,,,,,430418_430419_N024
70117_20230118MM1_P1a,430418_430419,H07,SH-SY5Y,24 h,DMSO,0.1,%,0.10%,Media ctr,,,,,,,,430418_430419_H07
70117_20230118MM1_P1a,430418_430419,P07,SH-SY5Y,24 h,DMSO,0.1,%,0.10%,Media ctr,,,,,,,,430418_430419_P07
70117_20230118MM1_P1a,430418_430419,H08,SH-SY5Y,24 h,DMSO,0.1,%,0.10%,Media ctr,,,,,,,,430418_430419_H08
70117_20230118MM1_P1a,430418_430419,P08,SH-SY5Y,24 h,DMSO,0.1,%,0.10%,Media ctr,,,,,,,,430418_430419_P08
70117_20230118MM1_P1a,430418_430419,H09,SH-SY5Y,24 h,DMSO,0.1,%,0.10%,Media ctr,,,,,,,,430418_430419_H09
70117_20230118MM1_P1a,430418_430419,P09,SH-SY5Y,24 h,DMSO,0.1,%,0.10%,Media ctr,,,,,,,,430418_430419_P09
70117_20230118MM1_P1a,430418_430419,H010,SH-SY5Y,24 h,DMSO,0.1,%,0.10%,Media ctr,,,,,,,,430418_430419_H010
70117_20230118MM1_P1a,430418_430419,P010,SH-SY5Y,24 h,DMSO,0.1,%,0.10%,Media ctr,,,,,,,,430418_430419_P010
70117_20230118MM1_P1a,430418_430419,H011,SH-SY5Y,24 h,DMSO,0.1,%,0.10%,Media,,,,,,,,430418_430419_H011
70117_20230118MM1_P1a,430418_430419,P011,SH-SY5Y,24 h,DMSO,0.1,%,0.10%,Media ctr,,,,,,,,430418_430419_P011
70117_20230118MM1_P1a,430418_430419,H012,SH-SY5Y,24 h,DMSO,0.1,%,0.10%,Media ctr,,,,,,,,430418_430419_H012
70117_20230118MM1_P1a,430418_430419,P012,SH-SY5Y,24 h,DMSO,0.1,%,0.10%,Media ctr,,,,,,,,430418_430419_P012
70117_20230118MM1_P1a,430418_430419,P013,SH-SY5Y,24 h,DMSO,0.1,%,0.10%,Media ctr,,,,,,,,430418_430419_P013
70117_20230118MM1_P1a,430418_430419,D014,SH-SY5Y,24 h,DMSO,0.1,%,0.10%,Media ctr,,,,,,,,430418_430419_D014
70117_20230118MM1_P1a,430418_430419,B015,SH-SY5Y,24 h,DMSO,0.1,%,0.10%,Media ctr,,,,,,,,430418_430419_B015
70117_20230118MM1_P1a,430418_430419,M016,SH-SY5Y,24 h,DMSO,0.1,%,0.10%,Media ctr,,,,,,,,430418_430419_M016
70117_20230118MM1_P1a,430418_430419,I017,SH-SY5Y,24 h,DMSO,0.1,%,0.10%,Media ctr,,,,,,,,430418_430419_I017
70117_20230118MM1_P1a,430418_430419,A018,SH-SY5Y,24 h,DMSO,0.1,%,0.10%,Media ctr,,,,,,,,430418_430419_A018
70117_20230118MM1_P1a,430418_430419,P019,SH-SY5Y,24 h,DMSO,0.1,%,0.10%,Media ctr,,,,,,,,430418_430419_P019
70117_20230118MM1_P1a,430418_430419,D020,SH-SY5Y,24 h,DMSO,0.1,%,0.10%,Media ctr,,,,,,,,430418_430419_D020
70117_20230118MM1_P1a,430418_430419,B021,SH-SY5Y,24 h,DMSO,0.1,%,0.10%,Media ctr,,,,,,,,430418_430419_B021
70117_20230118MM1_P1a,430418_430419,M022,SH-SY5Y,24 h,DMSO,0.1,%,0.10%,Media ctr,,,,,,,,430418_430419_M022
70117_20230118MM1_P1a,430418_430419,I023,SH-SY5Y,24 h,DMSO,0.1,%,0.10%,Media ctr,,,,,,,,430418_430419_I023
70117_20230118MM1_P1a,430418_430419,A024,SH-SY5Y,24 h,DMSO,0.1,%,0.10%,Media ctr,,,,,,,,430418_430419_A024
