plate_name,plate_barcode,position,cell_type,incubation inducer,inhibitor,inhibitor_concentration_value,inhibitor_concentration_unit,inhibitor_concentration,inducer1,inducer1_concentration_value,inducer1_concentration_unit,inducer1_concentration,inducer2,inducer2_concentration_value,inducer2_concentration_unit,inducer2_concentration
70117_20230210MM1_P1,430420,B6,PBMC,6 h,DMSO,0.025,%,0.03%,DMSO,0.1,%,0.10%,,,,
70117_20230210MM1_P1,430420,C6,PBMC,6 h,DMSO,0.025,%,0.03%,DMSO,0.1,%,0.10%,,,,
70117_20230210MM1_P1,430420,I6,PBMC,6 h,DMSO,0.025,%,0.03%,DMSO,0.1,%,0.10%,,,,
70117_20230210MM1_P1,430420,J6,PBMC,6 h,DMSO,0.025,%,0.03%,DMSO,0.1,%,0.10%,,,,
70117_20230210MM1_P1,430420,B7,PBMC,6 h,DMSO,0.025,%,0.03%,DMSO,0.1,%,0.10%,,,,
70117_20230210MM1_P1,430420,C7,PBMC,6 h,DMSO,0.025,%,0.03%,DMSO,0.1,%,0.10%,,,,
70117_20230210MM1_P1,430420,I7,PBMC,6 h,DMSO,0.025,%,0.03%,DMSO,0.1,%,0.10%,,,,
70117_20230210MM1_P1,430420,J7,PBMC,6 h,DMSO,0.025,%,0.03%,DMSO,0.1,%,0.10%,,,,
70117_20230210MM1_P1,430420,C12,PBMC,6 h,DMSO,1,%,1%,DMSO,0.1,%,0.10%,,,,
70117_20230210MM1_P1,430420,D12,PBMC,6 h,Z-VAD-FMK,100,µM,100 µM,DMSO,0.1,%,0.10%,,,,
70117_20230210MM1_P1,430420,E12,PBMC,6 h,Z-VAD-FMK,30,µM,30 µM,DMSO,0.1,%,0.10%,,,,
70117_20230210MM1_P1,430420,F12,PBMC,6 h,Z-VAD-FMK,100,µM,100 µM,DMSO,0.1,%,0.10%,,,,
70117_20230210MM1_P1,430420,G12,PBMC,6 h,Z-VAD-FMK,30,µM,30 µM,DMSO,0.1,%,0.10%,,,,
70117_20230210MM1_P1,430420,H12,PBMC,6 h,DMSO,1,%,1%,DMSO,0.1,%,0.10%,,,,
70117_20230210MM1_P1,430420,J12,PBMC,6 h,DMSO,1,%,1%,DMSO,0.1,%,0.10%,,,,
70117_20230210MM1_P1,430420,K12,PBMC,6 h,Z-VAD-FMK,100,µM,100 µM,DMSO,0.1,%,0.10%,,,,
70117_20230210MM1_P1,430420,L12,PBMC,6 h,Z-VAD-FMK,30,µM,30 µM,DMSO,0.1,%,0.10%,,,,
70117_20230210MM1_P1,430420,M12,PBMC,6 h,Z-VAD-FMK,100,µM,100 µM,DMSO,0.1,%,0.10%,,,,
70117_20230210MM1_P1,430420,N12,PBMC,6 h,Z-VAD-FMK,30,µM,30 µM,DMSO,0.1,%,0.10%,,,,
70117_20230210MM1_P1,430420,O12,PBMC,6 h,DMSO,1,%,1%,DMSO,0.1,%,0.10%,,,,
70117_20230210MM1_P1,430420,C13,SH-SY5Y,6 h,DMSO,1,%,1%,DMSO,0.1,%,0.10%,,,,
70117_20230210MM1_P1,430420,D13,SH-SY5Y,6 h,Z-VAD-FMK,100,µM,100 µM,DMSO,0.1,%,0.10%,,,,
70117_20230210MM1_P1,430420,E13,SH-SY5Y,6 h,Z-VAD-FMK,30,µM,30 µM,DMSO,0.1,%,0.10%,,,,
70117_20230210MM1_P1,430420,F13,SH-SY5Y,6 h,Z-VAD-FMK,100,µM,100 µM,DMSO,0.1,%,0.10%,,,,
70117_20230210MM1_P1,430420,G13,SH-SY5Y,6 h,Z-VAD-FMK,30,µM,30 µM,DMSO,0.1,%,0.10%,,,,
70117_20230210MM1_P1,430420,H13,SH-SY5Y,6 h,DMSO,1,%,1%,DMSO,0.1,%,0.10%,,,,
70117_20230210MM1_P1,430420,J13,SH-SY5Y,6 h,DMSO,1,%,1%,DMSO,0.1,%,0.10%,,,,
70117_20230210MM1_P1,430420,K13,SH-SY5Y,6 h,Z-VAD-FMK,100,µM,100 µM,DMSO,0.1,%,0.10%,,,,
70117_20230210MM1_P1,430420,L13,SH-SY5Y,6 h,Z-VAD-FMK,30,µM,30 µM,DMSO,0.1,%,0.10%,,,,
70117_20230210MM1_P1,430420,M13,SH-SY5Y,6 h,Z-VAD-FMK,100,µM,100 µM,DMSO,0.1,%,0.10%,,,,
70117_20230210MM1_P1,430420,N13,SH-SY5Y,6 h,Z-VAD-FMK,30,µM,30 µM,DMSO,0.1,%,0.10%,,,,
70117_20230210MM1_P1,430420,O13,SH-SY5Y,6 h,DMSO,1,%,1%,DMSO,0.1,%,0.10%,,,,
70117_20230210MM1_P1,430420,B14,SH-SY5Y,6 h,DMSO,0.025,%,0.03%,DMSO,0.1,%,0.10%,,,,
70117_20230210MM1_P1,430420,C14,SH-SY5Y,6 h,DMSO,0.025,%,0.03%,DMSO,0.1,%,0.10%,,,,
70117_20230210MM1_P1,430420,I14,SH-SY5Y,6 h,DMSO,0.025,%,0.03%,DMSO,0.1,%,0.10%,,,,
70117_20230210MM1_P1,430420,J14,SH-SY5Y,6 h,DMSO,0.025,%,0.03%,DMSO,0.1,%,0.10%,,,,
70117_20230210MM1_P1,430420,B15,SH-SY5Y,6 h,DMSO,0.025,%,0.03%,DMSO,0.1,%,0.10%,,,,
70117_20230210MM1_P1,430420,C15,SH-SY5Y,6 h,DMSO,0.025,%,0.03%,DMSO,0.1,%,0.10%,,,,
70117_20230210MM1_P1,430420,I15,SH-SY5Y,6 h,DMSO,0.025,%,0.03%,DMSO,0.1,%,0.10%,,,,
70117_20230210MM1_P1,430420,J15,SH-SY5Y,6 h,DMSO,0.025,%,0.03%,DMSO,0.1,%,0.10%,,,,
70117_20230210MM1_P1,430420,M5,PBMC,6 h,DMSO,0.025,%,0.03%,Flagellin,1,µg/ml,1 µg/ml,,,,
70117_20230210MM1_P1,430420,N5,PBMC,6 h,Disulfiram,1,µM,1 µM,Flagellin,1,µg/ml,1 µg/ml,,,,
70117_20230210MM1_P1,430420,O18,SH-SY5Y,6 h,Media ctr,,,,media ctr,,,,,,,
70117_20230210MM1_P1,430420,O19,SH-SY5Y,6 h,Media ctr,,,,media ctr,,,,,,,
70117_20230210MM1_P1,430420,B2,PBMC,6 h,DMSO,0.025,%,0.03%,LPS,0.01,µg/ml,0.01 µg/ml,,,,
70117_20230210MM1_P1,430420,B3,PBMC,6 h,DMSO,0.025,%,0.03%,LPS,0.01,µg/ml,0.01 µg/ml,,,,
70117_20230210MM1_P1,430420,B8,PBMC,6 h,DMSO,0.025,%,0.03%,LPS,0.01,µg/ml,0.01 µg/ml,,,,
70117_20230210MM1_P1,430420,B9,PBMC,6 h,DMSO,0.025,%,0.03%,LPS,0.01,µg/ml,0.01 µg/ml,,,,
70117_20230210MM1_P1,430420,B16,SH-SY5Y,6 h,DMSO,0.025,%,0.03%,LPS,0.01,µg/ml,0.01 µg/ml,,,,
70117_20230210MM1_P1,430420,B17,SH-SY5Y,6 h,DMSO,0.025,%,0.03%,LPS,0.01,µg/ml,0.01 µg/ml,,,,
70117_20230210MM1_P1,430420,B20,SH-SY5Y,6 h,DMSO,0.025,%,0.03%,LPS,0.01,µg/ml,0.01 µg/ml,,,,
70117_20230210MM1_P1,430420,B21,SH-SY5Y,6 h,DMSO,0.025,%,0.03%,LPS,0.01,µg/ml,0.01 µg/ml,,,,
70117_20230210MM1_P1,430420,C2,PBMC,6 h,DMSO,0.025,%,0.03%,LPS,0.1,µg/ml,0.1 µg/ml,,,,
70117_20230210MM1_P1,430420,C3,PBMC,6 h,DMSO,0.025,%,0.03%,LPS,0.1,µg/ml,0.1 µg/ml,,,,
70117_20230210MM1_P1,430420,L4,PBMC,6 h,DMSO,0.00025,%,0.00%,Flagellin,0.1,µg/ml,0.1 µg/ml,,,,
70117_20230210MM1_P1,430420,L5,PBMC,6 h,DMSO,0.025,%,0.03%,Flagellin,0.1,µg/ml,0.1 µg/ml,,,,
70117_20230210MM1_P1,430420,C8,PBMC,6 h,DMSO,0.025,%,0.03%,LPS,0.1,µg/ml,0.1 µg/ml,,,,
70117_20230210MM1_P1,430420,C9,PBMC,6 h,DMSO,0.025,%,0.03%,LPS,0.1,µg/ml,0.1 µg/ml,,,,
70117_20230210MM1_P1,430420,L10,PBMC,6 h,DMSO,0.025,%,0.03%,Flagellin,0.1,µg/ml,0.1 µg/ml,,,,
70117_20230210MM1_P1,430420,L11,PBMC,6 h,DMSO,0.025,%,0.03%,Flagellin,0.1,µg/ml,0.1 µg/ml,,,,
70117_20230210MM1_P1,430420,C16,SH-SY5Y,6 h,DMSO,0.025,%,0.03%,LPS,0.1,µg/ml,0.1 µg/ml,,,,
70117_20230210MM1_P1,430420,C17,SH-SY5Y,6 h,DMSO,0.025,%,0.03%,LPS,0.1,µg/ml,0.1 µg/ml,,,,
70117_20230210MM1_P1,430420,L18,SH-SY5Y,6 h,DMSO,0.025,%,0.03%,Flagellin,0.1,µg/ml,0.1 µg/ml,,,,
70117_20230210MM1_P1,430420,L19,SH-SY5Y,6 h,DMSO,0.025,%,0.03%,Flagellin,0.1,µg/ml,0.1 µg/ml,,,,
70117_20230210MM1_P1,430420,C20,SH-SY5Y,6 h,DMSO,0.025,%,0.03%,LPS,0.1,µg/ml,0.1 µg/ml,,,,
70117_20230210MM1_P1,430420,C21,SH-SY5Y,6 h,DMSO,0.025,%,0.03%,LPS,0.1,µg/ml,0.1 µg/ml,,,,
70117_20230210MM1_P1,430420,L22,SH-SY5Y,6 h,DMSO,0.025,%,0.03%,Flagellin,0.1,µg/ml,0.1 µg/ml,,,,
70117_20230210MM1_P1,430420,L23,SH-SY5Y,6 h,DMSO,0.025,%,0.03%,Flagellin,0.1,µg/ml,0.1 µg/ml,,,,
70117_20230210MM1_P1,430420,E4,PBMC,6 h,DMSO,0.025,%,0.03%,Disulfiram,0.1,µM,0.1 µM,,,,
70117_20230210MM1_P1,430420,E5,PBMC,6 h,DMSO,0.025,%,0.03%,Disulfiram,0.1,µM,0.1 µM,,,,
70117_20230210MM1_P1,430420,E10,PBMC,6 h,DMSO,0.025,%,0.03%,Disulfiram,0.1,µM,0.1 µM,,,,
70117_20230210MM1_P1,430420,E11,PBMC,6 h,DMSO,0.025,%,0.03%,Disulfiram,0.1,µM,0.1 µM,,,,
70117_20230210MM1_P1,430420,E18,SH-SY5Y,6 h,DMSO,0.025,%,0.03%,Disulfiram,0.1,µM,0.1 µM,,,,
70117_20230210MM1_P1,430420,E19,SH-SY5Y,6 h,DMSO,0.025,%,0.03%,Disulfiram,0.1,µM,0.1 µM,,,,
70117_20230210MM1_P1,430420,E22,SH-SY5Y,6 h,DMSO,0.025,%,0.03%,Disulfiram,0.1,µM,0.1 µM,,,,
70117_20230210MM1_P1,430420,E23,SH-SY5Y,6 h,DMSO,0.025,%,0.03%,Disulfiram,0.1,µM,0.1 µM,,,,
70117_20230210MM1_P1,430420,K2,PBMC,6 h,DMSO,0.025,%,0.03%,LPS,1,µg/ml,1 µg/ml,Nigericin,1,µM,1 µM
70117_20230210MM1_P1,430420,K3,PBMC,6 h,DMSO,0.025,%,0.03%,LPS,1,µg/ml,1 µg/ml,Nigericin,1,µM,1 µM
70117_20230210MM1_P1,430420,K8,PBMC,6 h,DMSO,0.025,%,0.03%,LPS,1,µg/ml,1 µg/ml,Nigericin,1,µM,1 µM
70117_20230210MM1_P1,430420,K9,PBMC,6 h,DMSO,0.025,%,0.03%,LPS,1,µg/ml,1 µg/ml,Nigericin,1,µM,1 µM
70117_20230210MM1_P1,430420,K16,SH-SY5Y,6 h,DMSO,0.025,%,0.03%,LPS,1,µg/ml,1 µg/ml,Nigericin,1,µM,1 µM
70117_20230210MM1_P1,430420,K17,SH-SY5Y,6 h,DMSO,0.025,%,0.03%,LPS,1,µg/ml,1 µg/ml,Nigericin,1,µM,1 µM
70117_20230210MM1_P1,430420,K20,SH-SY5Y,6 h,DMSO,0.025,%,0.03%,LPS,1,µg/ml,1 µg/ml,Nigericin,1,µM,1 µM
70117_20230210MM1_P1,430420,K21,SH-SY5Y,6 h,DMSO,0.025,%,0.03%,LPS,1,µg/ml,1 µg/ml,Nigericin,1,µM,1 µM
70117_20230210MM1_P1,430420,M2,PBMC,6 h,DMSO,0.025,%,0.03%,LPS,1,µg/ml,1 µg/ml,Nigericin,10,µM,10 µM
70117_20230210MM1_P1,430420,N2,PBMC,6 h,Disulfiram,1,µM,1 µM,LPS,1,µg/ml,1 µg/ml,Nigericin,10,µM,10 µM
70117_20230210MM1_P1,430420,O2,PBMC,6 h,Z-VAD-FMK,100,µM,100 µM,LPS,1,µg/ml,1 µg/ml,Nigericin,10,µM,10 µM
70117_20230210MM1_P1,430420,M3,PBMC,6 h,DMSO,0.025,%,0.03%,LPS,1,µg/ml,1 µg/ml,Nigericin,10,µM,10 µM
70117_20230210MM1_P1,430420,N3,PBMC,6 h,Disulfiram,1,µM,1 µM,LPS,1,µg/ml,1 µg/ml,Nigericin,10,µM,10 µM
70117_20230210MM1_P1,430420,O3,PBMC,6 h,Z-VAD-FMK,100,µM,100 µM,LPS,1,µg/ml,1 µg/ml,Nigericin,10,µM,10 µM
70117_20230210MM1_P1,430420,M8,PBMC,6 h,DMSO,0.025,%,0.03%,LPS,1,µg/ml,1 µg/ml,Nigericin,10,µM,10 µM
70117_20230210MM1_P1,430420,N8,PBMC,6 h,Disulfiram,1,µM,1 µM,LPS,1,µg/ml,1 µg/ml,Nigericin,10,µM,10 µM
70117_20230210MM1_P1,430420,O8,PBMC,6 h,Z-VAD-FMK,100,µM,100 µM,LPS,1,µg/ml,1 µg/ml,Nigericin,10,µM,10 µM
70117_20230210MM1_P1,430420,M9,PBMC,6 h,DMSO,0.025,%,0.03%,LPS,1,µg/ml,1 µg/ml,Nigericin,10,µM,10 µM
70117_20230210MM1_P1,430420,N9,PBMC,6 h,Disulfiram,1,µM,1 µM,LPS,1,µg/ml,1 µg/ml,Nigericin,10,µM,10 µM
70117_20230210MM1_P1,430420,O9,PBMC,6 h,Z-VAD-FMK,100,µM,100 µM,LPS,1,µg/ml,1 µg/ml,Nigericin,10,µM,10 µM
70117_20230210MM1_P1,430420,M16,SH-SY5Y,6 h,DMSO,0.025,%,0.03%,LPS,1,µg/ml,1 µg/ml,Nigericin,10,µM,10 µM
70117_20230210MM1_P1,430420,N16,SH-SY5Y,6 h,Disulfiram,1,µM,1 µM,LPS,1,µg/ml,1 µg/ml,Nigericin,10,µM,10 µM
70117_20230210MM1_P1,430420,O16,SH-SY5Y,6 h,Z-VAD-FMK,100,µM,100 µM,LPS,1,µg/ml,1 µg/ml,Nigericin,10,µM,10 µM
70117_20230210MM1_P1,430420,M17,SH-SY5Y,6 h,DMSO,0.025,%,0.03%,LPS,1,µg/ml,1 µg/ml,Nigericin,10,µM,10 µM
70117_20230210MM1_P1,430420,N17,SH-SY5Y,6 h,Disulfiram,1,µM,1 µM,LPS,1,µg/ml,1 µg/ml,Nigericin,10,µM,10 µM
70117_20230210MM1_P1,430420,O17,SH-SY5Y,6 h,Z-VAD-FMK,100,µM,100 µM,LPS,1,µg/ml,1 µg/ml,Nigericin,10,µM,10 µM
70117_20230210MM1_P1,430420,M20,SH-SY5Y,6 h,DMSO,0.025,%,0.03%,LPS,1,µg/ml,1 µg/ml,Nigericin,10,µM,10 µM
70117_20230210MM1_P1,430420,N20,SH-SY5Y,6 h,Disulfiram,1,µM,1 µM,LPS,1,µg/ml,1 µg/ml,Nigericin,10,µM,10 µM
70117_20230210MM1_P1,430420,O20,SH-SY5Y,6 h,Z-VAD-FMK,100,µM,100 µM,LPS,1,µg/ml,1 µg/ml,Nigericin,10,µM,10 µM
70117_20230210MM1_P1,430420,M21,SH-SY5Y,6 h,DMSO,0.025,%,0.03%,LPS,1,µg/ml,1 µg/ml,Nigericin,10,µM,10 µM
70117_20230210MM1_P1,430420,N21,SH-SY5Y,6 h,Disulfiram,1,µM,1 µM,LPS,1,µg/ml,1 µg/ml,Nigericin,10,µM,10 µM
70117_20230210MM1_P1,430420,O21,SH-SY5Y,6 h,Z-VAD-FMK,100,µM,100 µM,LPS,1,µg/ml,1 µg/ml,Nigericin,10,µM,10 µM
70117_20230210MM1_P1,430420,L2,PBMC,6 h,DMSO,0.025,%,0.03%,LPS,1,µg/ml,1 µg/ml,Nigericin,3,µM,3 µM
70117_20230210MM1_P1,430420,L3,PBMC,6 h,DMSO,0.025,%,0.03%,LPS,1,µg/ml,1 µg/ml,Nigericin,3,µM,3 µM
70117_20230210MM1_P1,430420,L8,PBMC,6 h,DMSO,0.025,%,0.03%,LPS,1,µg/ml,1 µg/ml,Nigericin,3,µM,3 µM
70117_20230210MM1_P1,430420,L9,PBMC,6 h,DMSO,0.025,%,0.03%,LPS,1,µg/ml,1 µg/ml,Nigericin,3,µM,3 µM
70117_20230210MM1_P1,430420,L16,SH-SY5Y,6 h,DMSO,0.025,%,0.03%,LPS,1,µg/ml,1 µg/ml,Nigericin,3,µM,3 µM
70117_20230210MM1_P1,430420,L17,SH-SY5Y,6 h,DMSO,0.025,%,0.03%,LPS,1,µg/ml,1 µg/ml,Nigericin,3,µM,3 µM
70117_20230210MM1_P1,430420,L20,SH-SY5Y,6 h,DMSO,0.025,%,0.03%,LPS,1,µg/ml,1 µg/ml,Nigericin,3,µM,3 µM
70117_20230210MM1_P1,430420,L21,SH-SY5Y,6 h,DMSO,0.025,%,0.03%,LPS,1,µg/ml,1 µg/ml,Nigericin,3,µM,3 µM
70117_20230210MM1_P1,430420,D2,PBMC,6 h,DMSO,0.025,%,0.03%,LPS,1,µg/ml,1 µg/ml,,,,
70117_20230210MM1_P1,430420,D3,PBMC,6 h,DMSO,0.025,%,0.03%,LPS,1,µg/ml,1 µg/ml,,,,
70117_20230210MM1_P1,430420,M4,PBMC,6 h,DMSO,0.00025,%,0.00%,Flagellin,1,µg/ml,1 µg/ml,,,,
70117_20230210MM1_P1,430420,N4,PBMC,6 h,Disulfiram,1,µM,1 µM,Flagellin,1,µg/ml,1 µg/ml,,,,
70117_20230210MM1_P1,430420,D8,PBMC,6 h,DMSO,0.025,%,0.03%,LPS,1,µg/ml,1 µg/ml,,,,
70117_20230210MM1_P1,430420,D9,PBMC,6 h,DMSO,0.025,%,0.03%,LPS,1,µg/ml,1 µg/ml,,,,
70117_20230210MM1_P1,430420,M10,PBMC,6 h,DMSO,0.025,%,0.03%,Flagellin,1,µg/ml,1 µg/ml,,,,
70117_20230210MM1_P1,430420,N10,PBMC,6 h,Disulfiram,1,µM,1 µM,Flagellin,1,µg/ml,1 µg/ml,,,,
70117_20230210MM1_P1,430420,M11,PBMC,6 h,DMSO,0.025,%,0.03%,Flagellin,1,µg/ml,1 µg/ml,,,,
70117_20230210MM1_P1,430420,N11,PBMC,6 h,Disulfiram,1,µM,1 µM,Flagellin,1,µg/ml,1 µg/ml,,,,
70117_20230210MM1_P1,430420,D16,SH-SY5Y,6 h,DMSO,0.025,%,0.03%,LPS,1,µg/ml,1 µg/ml,,,,
70117_20230210MM1_P1,430420,D17,SH-SY5Y,6 h,DMSO,0.025,%,0.03%,LPS,1,µg/ml,1 µg/ml,,,,
70117_20230210MM1_P1,430420,M18,SH-SY5Y,6 h,DMSO,0.025,%,0.03%,Flagellin,1,µg/ml,1 µg/ml,,,,
70117_20230210MM1_P1,430420,N18,SH-SY5Y,6 h,Disulfiram,1,µM,1 µM,Flagellin,1,µg/ml,1 µg/ml,,,,
70117_20230210MM1_P1,430420,M19,SH-SY5Y,6 h,DMSO,0.025,%,0.03%,Flagellin,1,µg/ml,1 µg/ml,,,,
70117_20230210MM1_P1,430420,N19,SH-SY5Y,6 h,Disulfiram,1,µM,1 µM,Flagellin,1,µg/ml,1 µg/ml,,,,
70117_20230210MM1_P1,430420,D20,SH-SY5Y,6 h,DMSO,0.025,%,0.03%,LPS,1,µg/ml,1 µg/ml,,,,
70117_20230210MM1_P1,430420,D21,SH-SY5Y,6 h,DMSO,0.025,%,0.03%,LPS,1,µg/ml,1 µg/ml,,,,
70117_20230210MM1_P1,430420,M22,SH-SY5Y,6 h,DMSO,0.025,%,0.03%,Flagellin,1,µg/ml,1 µg/ml,,,,
70117_20230210MM1_P1,430420,N22,SH-SY5Y,6 h,Disulfiram,1,µM,1 µM,Flagellin,1,µg/ml,1 µg/ml,,,,
70117_20230210MM1_P1,430420,M23,SH-SY5Y,6 h,DMSO,0.025,%,0.03%,Flagellin,1,µg/ml,1 µg/ml,,,,
70117_20230210MM1_P1,430420,N23,SH-SY5Y,6 h,Disulfiram,1,µM,1 µM,Flagellin,1,µg/ml,1 µg/ml,,,,
70117_20230210MM1_P1,430420,F4,PBMC,6 h,DMSO,0.025,%,0.03%,Disulfiram,1,µM,1 µM,,,,
70117_20230210MM1_P1,430420,F5,PBMC,6 h,DMSO,0.025,%,0.03%,Disulfiram,1,µM,1 µM,,,,
70117_20230210MM1_P1,430420,D6,PBMC,6 h,DMSO,0.025,%,0.03%,Thapsigargin,1,µM,1 µM,,,,
70117_20230210MM1_P1,430420,K6,PBMC,6 h,DMSO,0.025,%,0.03%,Thapsigargin,1,µM,1 µM,,,,
70117_20230210MM1_P1,430420,D7,PBMC,6 h,DMSO,0.025,%,0.03%,Thapsigargin,1,µM,1 µM,,,,
70117_20230210MM1_P1,430420,K7,PBMC,6 h,DMSO,0.025,%,0.03%,Thapsigargin,1,µM,1 µM,,,,
70117_20230210MM1_P1,430420,F10,PBMC,6 h,DMSO,0.025,%,0.03%,Disulfiram,1,µM,1 µM,,,,
70117_20230210MM1_P1,430420,F11,PBMC,6 h,DMSO,0.025,%,0.03%,Disulfiram,1,µM,1 µM,,,,
70117_20230210MM1_P1,430420,D14,SH-SY5Y,6 h,DMSO,0.025,%,0.03%,Thapsigargin,1,µM,1 µM,,,,
70117_20230210MM1_P1,430420,K14,SH-SY5Y,6 h,DMSO,0.025,%,0.03%,Thapsigargin,1,µM,1 µM,,,,
70117_20230210MM1_P1,430420,D15,SH-SY5Y,6 h,DMSO,0.025,%,0.03%,Thapsigargin,1,µM,1 µM,,,,
70117_20230210MM1_P1,430420,K15,SH-SY5Y,6 h,DMSO,0.025,%,0.03%,Thapsigargin,1,µM,1 µM,,,,
70117_20230210MM1_P1,430420,F18,SH-SY5Y,6 h,DMSO,0.025,%,0.03%,Disulfiram,1,µM,1 µM,,,,
70117_20230210MM1_P1,430420,F19,SH-SY5Y,6 h,DMSO,0.025,%,0.03%,Disulfiram,1,µM,1 µM,,,,
70117_20230210MM1_P1,430420,F22,SH-SY5Y,6 h,DMSO,0.025,%,0.03%,Disulfiram,1,µM,1 µM,,,,
70117_20230210MM1_P1,430420,F23,SH-SY5Y,6 h,DMSO,0.025,%,0.03%,Disulfiram,1,µM,1 µM,,,,
70117_20230210MM1_P1,430420,G6,PBMC,6 h,DMSO,0.025,%,0.03%,Topotecan,10,nM,10 nM,,,,
70117_20230210MM1_P1,430420,N6,PBMC,6 h,DMSO,0.025,%,0.03%,Topotecan,10,nM,10 nM,,,,
70117_20230210MM1_P1,430420,G7,PBMC,6 h,DMSO,0.025,%,0.03%,Topotecan,10,nM,10 nM,,,,
70117_20230210MM1_P1,430420,N7,PBMC,6 h,DMSO,0.025,%,0.03%,Topotecan,10,nM,10 nM,,,,
70117_20230210MM1_P1,430420,G14,SH-SY5Y,6 h,DMSO,0.025,%,0.03%,Topotecan,10,nM,10 nM,,,,
70117_20230210MM1_P1,430420,N14,SH-SY5Y,6 h,DMSO,0.025,%,0.03%,Topotecan,10,nM,10 nM,,,,
70117_20230210MM1_P1,430420,G15,SH-SY5Y,6 h,DMSO,0.025,%,0.03%,Topotecan,10,nM,10 nM,,,,
70117_20230210MM1_P1,430420,N15,SH-SY5Y,6 h,DMSO,0.025,%,0.03%,Topotecan,10,nM,10 nM,,,,
70117_20230210MM1_P1,430420,E2,PBMC,6 h,DMSO,0.025,%,0.03%,LPS,10,µg/ml,10 µg/ml,,,,
70117_20230210MM1_P1,430420,F2,PBMC,6 h,Disulfiram,0.1,µM,0.1 µM,LPS,10,µg/ml,10 µg/ml,,,,
70117_20230210MM1_P1,430420,G2,PBMC,6 h,Disulfiram,1,µM,1 µM,LPS,10,µg/ml,10 µg/ml,,,,
70117_20230210MM1_P1,430420,H2,PBMC,6 h,Disulfiram,2.5,µM,2.5 µM,LPS,10,µg/ml,10 µg/ml,,,,
70117_20230210MM1_P1,430420,I2,PBMC,6 h,Z-VAD-FMK,100,µM,100 µM,LPS,10,µg/ml,10 µg/ml,,,,
70117_20230210MM1_P1,430420,E3,PBMC,6 h,DMSO,0.025,%,0.03%,LPS,10,µg/ml,10 µg/ml,,,,
70117_20230210MM1_P1,430420,F3,PBMC,6 h,Disulfiram,0.1,µM,0.1 µM,LPS,10,µg/ml,10 µg/ml,,,,
70117_20230210MM1_P1,430420,G3,PBMC,6 h,Disulfiram,1,µM,1 µM,LPS,10,µg/ml,10 µg/ml,,,,
70117_20230210MM1_P1,430420,H3,PBMC,6 h,Disulfiram,2.5,µM,2.5 µM,LPS,10,µg/ml,10 µg/ml,,,,
70117_20230210MM1_P1,430420,I3,PBMC,6 h,Z-VAD-FMK,100,µM,100 µM,LPS,10,µg/ml,10 µg/ml,,,,
70117_20230210MM1_P1,430420,E8,PBMC,6 h,DMSO,0.025,%,0.03%,LPS,10,µg/ml,10 µg/ml,,,,
70117_20230210MM1_P1,430420,F8,PBMC,6 h,Disulfiram,0.1,µM,0.1 µM,LPS,10,µg/ml,10 µg/ml,,,,
70117_20230210MM1_P1,430420,G8,PBMC,6 h,Disulfiram,1,µM,1 µM,LPS,10,µg/ml,10 µg/ml,,,,
70117_20230210MM1_P1,430420,H8,PBMC,6 h,Disulfiram,2.5,µM,2.5 µM,LPS,10,µg/ml,10 µg/ml,,,,
70117_20230210MM1_P1,430420,I8,PBMC,6 h,Z-VAD-FMK,100,µM,100 µM,LPS,10,µg/ml,10 µg/ml,,,,
70117_20230210MM1_P1,430420,E9,PBMC,6 h,DMSO,0.025,%,0.03%,LPS,10,µg/ml,10 µg/ml,,,,
70117_20230210MM1_P1,430420,F9,PBMC,6 h,Disulfiram,0.1,µM,0.1 µM,LPS,10,µg/ml,10 µg/ml,,,,
70117_20230210MM1_P1,430420,G9,PBMC,6 h,Disulfiram,1,µM,1 µM,LPS,10,µg/ml,10 µg/ml,,,,
70117_20230210MM1_P1,430420,H9,PBMC,6 h,Disulfiram,2.5,µM,2.5 µM,LPS,10,µg/ml,10 µg/ml,,,,
70117_20230210MM1_P1,430420,I9,PBMC,6 h,Z-VAD-FMK,100,µM,100 µM,LPS,10,µg/ml,10 µg/ml,,,,
70117_20230210MM1_P1,430420,E16,SH-SY5Y,6 h,DMSO,0.025,%,0.03%,LPS,10,µg/ml,10 µg/ml,,,,
70117_20230210MM1_P1,430420,F16,SH-SY5Y,6 h,Disulfiram,0.1,µM,0.1 µM,LPS,10,µg/ml,10 µg/ml,,,,
70117_20230210MM1_P1,430420,G16,SH-SY5Y,6 h,Disulfiram,1,µM,1 µM,LPS,10,µg/ml,10 µg/ml,,,,
70117_20230210MM1_P1,430420,H16,SH-SY5Y,6 h,Disulfiram,2.5,µM,2.5 µM,LPS,10,µg/ml,10 µg/ml,,,,
70117_20230210MM1_P1,430420,I16,SH-SY5Y,6 h,Z-VAD-FMK,100,µM,100 µM,LPS,10,µg/ml,10 µg/ml,,,,
70117_20230210MM1_P1,430420,E17,SH-SY5Y,6 h,DMSO,0.025,%,0.03%,LPS,10,µg/ml,10 µg/ml,,,,
70117_20230210MM1_P1,430420,F17,SH-SY5Y,6 h,Disulfiram,0.1,µM,0.1 µM,LPS,10,µg/ml,10 µg/ml,,,,
70117_20230210MM1_P1,430420,G17,SH-SY5Y,6 h,Disulfiram,1,µM,1 µM,LPS,10,µg/ml,10 µg/ml,,,,
70117_20230210MM1_P1,430420,H17,SH-SY5Y,6 h,Disulfiram,2.5,µM,2.5 µM,LPS,10,µg/ml,10 µg/ml,,,,
70117_20230210MM1_P1,430420,I17,SH-SY5Y,6 h,Z-VAD-FMK,100,µM,100 µM,LPS,10,µg/ml,10 µg/ml,,,,
70117_20230210MM1_P1,430420,E20,SH-SY5Y,6 h,DMSO,0.025,%,0.03%,LPS,10,µg/ml,10 µg/ml,,,,
70117_20230210MM1_P1,430420,F20,SH-SY5Y,6 h,Disulfiram,0.1,µM,0.1 µM,LPS,10,µg/ml,10 µg/ml,,,,
70117_20230210MM1_P1,430420,G20,SH-SY5Y,6 h,Disulfiram,1,µM,1 µM,LPS,10,µg/ml,10 µg/ml,,,,
70117_20230210MM1_P1,430420,H20,SH-SY5Y,6 h,Disulfiram,2.5,µM,2.5 µM,LPS,10,µg/ml,10 µg/ml,,,,
70117_20230210MM1_P1,430420,I20,SH-SY5Y,6 h,Z-VAD-FMK,100,µM,100 µM,LPS,10,µg/ml,10 µg/ml,,,,
70117_20230210MM1_P1,430420,E21,SH-SY5Y,6 h,DMSO,0.025,%,0.03%,LPS,10,µg/ml,10 µg/ml,,,,
70117_20230210MM1_P1,430420,F21,SH-SY5Y,6 h,Disulfiram,0.1,µM,0.1 µM,LPS,10,µg/ml,10 µg/ml,,,,
70117_20230210MM1_P1,430420,G21,SH-SY5Y,6 h,Disulfiram,1,µM,1 µM,LPS,10,µg/ml,10 µg/ml,,,,
70117_20230210MM1_P1,430420,H21,SH-SY5Y,6 h,Disulfiram,2.5,µM,2.5 µM,LPS,10,µg/ml,10 µg/ml,,,,
70117_20230210MM1_P1,430420,I21,SH-SY5Y,6 h,Z-VAD-FMK,100,µM,100 µM,LPS,10,µg/ml,10 µg/ml,,,,
70117_20230210MM1_P1,430420,E6,PBMC,6 h,DMSO,0.025,%,0.03%,Thapsigargin,10,µM,10 µM,,,,
70117_20230210MM1_P1,430420,L6,PBMC,6 h,DMSO,0.025,%,0.03%,Thapsigargin,10,µM,10 µM,,,,
70117_20230210MM1_P1,430420,E7,PBMC,6 h,DMSO,0.025,%,0.03%,Thapsigargin,10,µM,10 µM,,,,
70117_20230210MM1_P1,430420,L7,PBMC,6 h,DMSO,0.025,%,0.03%,Thapsigargin,10,µM,10 µM,,,,
70117_20230210MM1_P1,430420,E14,SH-SY5Y,6 h,DMSO,0.025,%,0.03%,Thapsigargin,10,µM,10 µM,,,,
70117_20230210MM1_P1,430420,L14,SH-SY5Y,6 h,DMSO,0.025,%,0.03%,Thapsigargin,10,µM,10 µM,,,,
70117_20230210MM1_P1,430420,E15,SH-SY5Y,6 h,DMSO,0.025,%,0.03%,Thapsigargin,10,µM,10 µM,,,,
70117_20230210MM1_P1,430420,L15,SH-SY5Y,6 h,DMSO,0.025,%,0.03%,Thapsigargin,10,µM,10 µM,,,,
70117_20230210MM1_P1,430420,H4,PBMC,6 h,DMSO,0.025,%,0.03%,H2O2,100,nM,100 nM,,,,
70117_20230210MM1_P1,430420,H5,PBMC,6 h,DMSO,0.025,%,0.03%,H2O2,100,nM,100 nM,,,,
70117_20230210MM1_P1,430420,H10,PBMC,6 h,DMSO,0.025,%,0.03%,H2O2,100,nM,100 nM,,,,
70117_20230210MM1_P1,430420,H11,PBMC,6 h,DMSO,0.025,%,0.03%,H2O2,100,nM,100 nM,,,,
70117_20230210MM1_P1,430420,H18,SH-SY5Y,6 h,DMSO,0.025,%,0.03%,H2O2,100,nM,100 nM,,,,
70117_20230210MM1_P1,430420,H19,SH-SY5Y,6 h,DMSO,0.025,%,0.03%,H2O2,100,nM,100 nM,,,,
70117_20230210MM1_P1,430420,H22,SH-SY5Y,6 h,DMSO,0.025,%,0.03%,H2O2,100,nM,100 nM,,,,
70117_20230210MM1_P1,430420,H23,SH-SY5Y,6 h,DMSO,0.025,%,0.03%,H2O2,100,nM,100 nM,,,,
70117_20230210MM1_P1,430420,B4,PBMC,6 h,DMSO,0.025,%,0.03%,LPS,100,µg/ml,100 µg/ml,Nigericin,1,µM,1 µM
70117_20230210MM1_P1,430420,B5,PBMC,6 h,DMSO,0.025,%,0.03%,LPS,100,µg/ml,100 µg/ml,Nigericin,1,µM,1 µM
70117_20230210MM1_P1,430420,B10,PBMC,6 h,DMSO,0.025,%,0.03%,LPS,100,µg/ml,100 µg/ml,Nigericin,1,µM,1 µM
70117_20230210MM1_P1,430420,B11,PBMC,6 h,DMSO,0.025,%,0.03%,LPS,100,µg/ml,100 µg/ml,Nigericin,1,µM,1 µM
70117_20230210MM1_P1,430420,B18,SH-SY5Y,6 h,DMSO,0.025,%,0.03%,LPS,100,µg/ml,100 µg/ml,Nigericin,1,µM,1 µM
70117_20230210MM1_P1,430420,B19,SH-SY5Y,6 h,DMSO,0.025,%,0.03%,LPS,100,µg/ml,100 µg/ml,Nigericin,1,µM,1 µM
70117_20230210MM1_P1,430420,B22,SH-SY5Y,6 h,DMSO,0.025,%,0.03%,LPS,100,µg/ml,100 µg/ml,Nigericin,1,µM,1 µM
70117_20230210MM1_P1,430420,B23,SH-SY5Y,6 h,DMSO,0.025,%,0.03%,LPS,100,µg/ml,100 µg/ml,Nigericin,1,µM,1 µM
70117_20230210MM1_P1,430420,D4,PBMC,6 h,DMSO,0.025,%,0.03%,LPS,100,µg/ml,100 µg/ml,Nigericin,10,µM,10 µM
70117_20230210MM1_P1,430420,D5,PBMC,6 h,DMSO,0.025,%,0.03%,LPS,100,µg/ml,100 µg/ml,Nigericin,10,µM,10 µM
70117_20230210MM1_P1,430420,D10,PBMC,6 h,DMSO,0.025,%,0.03%,LPS,100,µg/ml,100 µg/ml,Nigericin,10,µM,10 µM
70117_20230210MM1_P1,430420,D11,PBMC,6 h,DMSO,0.025,%,0.03%,LPS,100,µg/ml,100 µg/ml,Nigericin,10,µM,10 µM
70117_20230210MM1_P1,430420,D18,SH-SY5Y,6 h,DMSO,0.025,%,0.03%,LPS,100,µg/ml,100 µg/ml,Nigericin,10,µM,10 µM
70117_20230210MM1_P1,430420,D19,SH-SY5Y,6 h,DMSO,0.025,%,0.03%,LPS,100,µg/ml,100 µg/ml,Nigericin,10,µM,10 µM
70117_20230210MM1_P1,430420,D22,SH-SY5Y,6 h,DMSO,0.025,%,0.03%,LPS,100,µg/ml,100 µg/ml,Nigericin,10,µM,10 µM
70117_20230210MM1_P1,430420,D23,SH-SY5Y,6 h,DMSO,0.025,%,0.03%,LPS,100,µg/ml,100 µg/ml,Nigericin,10,µM,10 µM
70117_20230210MM1_P1,430420,C4,PBMC,6 h,DMSO,0.025,%,0.03%,LPS,100,µg/ml,100 µg/ml,Nigericin,3,µM,3 µM
70117_20230210MM1_P1,430420,C5,PBMC,6 h,DMSO,0.025,%,0.03%,LPS,100,µg/ml,100 µg/ml,Nigericin,3,µM,3 µM
70117_20230210MM1_P1,430420,C10,PBMC,6 h,DMSO,0.025,%,0.03%,LPS,100,µg/ml,100 µg/ml,Nigericin,3,µM,3 µM
70117_20230210MM1_P1,430420,C11,PBMC,6 h,DMSO,0.025,%,0.03%,LPS,100,µg/ml,100 µg/ml,Nigericin,3,µM,3 µM
70117_20230210MM1_P1,430420,C18,SH-SY5Y,6 h,DMSO,0.025,%,0.03%,LPS,100,µg/ml,100 µg/ml,Nigericin,3,µM,3 µM
70117_20230210MM1_P1,430420,C19,SH-SY5Y,6 h,DMSO,0.025,%,0.03%,LPS,100,µg/ml,100 µg/ml,Nigericin,3,µM,3 µM
70117_20230210MM1_P1,430420,C22,SH-SY5Y,6 h,DMSO,0.025,%,0.03%,LPS,100,µg/ml,100 µg/ml,Nigericin,3,µM,3 µM
70117_20230210MM1_P1,430420,C23,SH-SY5Y,6 h,DMSO,0.025,%,0.03%,LPS,100,µg/ml,100 µg/ml,Nigericin,3,µM,3 µM
70117_20230210MM1_P1,430420,J2,PBMC,6 h,DMSO,0.025,%,0.03%,LPS,100,µg/ml,100 µg/ml,,,,
70117_20230210MM1_P1,430420,J3,PBMC,6 h,DMSO,0.025,%,0.03%,LPS,100,µg/ml,100 µg/ml,,,,
70117_20230210MM1_P1,430420,J8,PBMC,6 h,DMSO,0.025,%,0.03%,LPS,100,µg/ml,100 µg/ml,,,,
70117_20230210MM1_P1,430420,J9,PBMC,6 h,DMSO,0.025,%,0.03%,LPS,100,µg/ml,100 µg/ml,,,,
70117_20230210MM1_P1,430420,J16,SH-SY5Y,6 h,DMSO,0.025,%,0.03%,LPS,100,µg/ml,100 µg/ml,,,,
70117_20230210MM1_P1,430420,J17,SH-SY5Y,6 h,DMSO,0.025,%,0.03%,LPS,100,µg/ml,100 µg/ml,,,,
70117_20230210MM1_P1,430420,J20,SH-SY5Y,6 h,DMSO,0.025,%,0.03%,LPS,100,µg/ml,100 µg/ml,,,,
70117_20230210MM1_P1,430420,J21,SH-SY5Y,6 h,DMSO,0.025,%,0.03%,LPS,100,µg/ml,100 µg/ml,,,,
70117_20230210MM1_P1,430420,I4,PBMC,6 h,DMSO,0.025,%,0.03%,H2O2,100,µM,100 µM,,,,
70117_20230210MM1_P1,430420,J4,PBMC,6 h,Disulfiram,1,µM,1 µM,H2O2,100,µM,100 µM,,,,
70117_20230210MM1_P1,430420,K4,PBMC,6 h,Z-VAD-FMK,100,µM,100 µM,H2O2,100,µM,100 µM,,,,
70117_20230210MM1_P1,430420,I5,PBMC,6 h,DMSO,0.025,%,0.03%,H2O2,100,µM,100 µM,,,,
70117_20230210MM1_P1,430420,J5,PBMC,6 h,Disulfiram,1,µM,1 µM,H2O2,100,µM,100 µM,,,,
70117_20230210MM1_P1,430420,K5,PBMC,6 h,Z-VAD-FMK,100,µM,100 µM,H2O2,100,µM,100 µM,,,,
70117_20230210MM1_P1,430420,I10,PBMC,6 h,DMSO,0.025,%,0.03%,H2O2,100,µM,100 µM,,,,
70117_20230210MM1_P1,430420,J10,PBMC,6 h,Disulfiram,1,µM,1 µM,H2O2,100,µM,100 µM,,,,
70117_20230210MM1_P1,430420,K10,PBMC,6 h,Z-VAD-FMK,100,µM,100 µM,H2O2,100,µM,100 µM,,,,
70117_20230210MM1_P1,430420,I11,PBMC,6 h,DMSO,0.025,%,0.03%,H2O2,100,µM,100 µM,,,,
70117_20230210MM1_P1,430420,J11,PBMC,6 h,Disulfiram,1,µM,1 µM,H2O2,100,µM,100 µM,,,,
70117_20230210MM1_P1,430420,K11,PBMC,6 h,Z-VAD-FMK,100,µM,100 µM,H2O2,100,µM,100 µM,,,,
70117_20230210MM1_P1,430420,I18,SH-SY5Y,6 h,DMSO,0.025,%,0.03%,H2O2,100,µM,100 µM,,,,
70117_20230210MM1_P1,430420,J18,SH-SY5Y,6 h,Disulfiram,1,µM,1 µM,H2O2,100,µM,100 µM,,,,
70117_20230210MM1_P1,430420,K18,SH-SY5Y,6 h,Z-VAD-FMK,100,µM,100 µM,H2O2,100,µM,100 µM,,,,
70117_20230210MM1_P1,430420,I19,SH-SY5Y,6 h,DMSO,0.025,%,0.03%,H2O2,100,µM,100 µM,,,,
70117_20230210MM1_P1,430420,J19,SH-SY5Y,6 h,Disulfiram,1,µM,1 µM,H2O2,100,µM,100 µM,,,,
70117_20230210MM1_P1,430420,K19,SH-SY5Y,6 h,Z-VAD-FMK,100,µM,100 µM,H2O2,100,µM,100 µM,,,,
70117_20230210MM1_P1,430420,I22,SH-SY5Y,6 h,DMSO,0.025,%,0.03%,H2O2,100,µM,100 µM,,,,
70117_20230210MM1_P1,430420,J22,SH-SY5Y,6 h,Disulfiram,1,µM,1 µM,H2O2,100,µM,100 µM,,,,
70117_20230210MM1_P1,430420,K22,SH-SY5Y,6 h,Z-VAD-FMK,100,µM,100 µM,H2O2,100,µM,100 µM,,,,
70117_20230210MM1_P1,430420,I23,SH-SY5Y,6 h,DMSO,0.025,%,0.03%,H2O2,100,µM,100 µM,,,,
70117_20230210MM1_P1,430420,J23,SH-SY5Y,6 h,Disulfiram,1,µM,1 µM,H2O2,100,µM,100 µM,,,,
70117_20230210MM1_P1,430420,K23,SH-SY5Y,6 h,Z-VAD-FMK,100,µM,100 µM,H2O2,100,µM,100 µM,,,,
70117_20230210MM1_P1,430420,G5,PBMC,6 h,DMSO,0.025,%,0.03%,Disulfiram,2.5,µM,2.5 µM,,,,
70117_20230210MM1_P1,430420,G10,PBMC,6 h,DMSO,0.025,%,0.03%,Disulfiram,2.5,µM,2.5 µM,,,,
70117_20230210MM1_P1,430420,G11,PBMC,6 h,DMSO,0.025,%,0.03%,Disulfiram,2.5,µM,2.5 µM,,,,
70117_20230210MM1_P1,430420,G18,SH-SY5Y,6 h,DMSO,0.025,%,0.03%,Disulfiram,2.5,µM,2.5 µM,,,,
70117_20230210MM1_P1,430420,G19,SH-SY5Y,6 h,DMSO,0.025,%,0.03%,Disulfiram,2.5,µM,2.5 µM,,,,
70117_20230210MM1_P1,430420,G22,SH-SY5Y,6 h,DMSO,0.025,%,0.03%,Disulfiram,2.5,µM,2.5 µM,,,,
70117_20230210MM1_P1,430420,G23,SH-SY5Y,6 h,DMSO,0.025,%,0.03%,Disulfiram,2.5,µM,2.5 µM,,,,
70117_20230210MM1_P1,430420,G4,PBMC,6 h,DMSO,0.025,%,0.03%,Disulfiram,2.5,µM,2.5 µM,,,,
70117_20230210MM1_P1,430420,H6,PBMC,6 h,DMSO,0.025,%,0.03%,Topotecan,20,nM,20 nM,,,,
70117_20230210MM1_P1,430420,O6,PBMC,6 h,DMSO,0.025,%,0.03%,Topotecan,20,nM,20 nM,,,,
70117_20230210MM1_P1,430420,H7,PBMC,6 h,DMSO,0.025,%,0.03%,Topotecan,20,nM,20 nM,,,,
70117_20230210MM1_P1,430420,O7,PBMC,6 h,DMSO,0.025,%,0.03%,Topotecan,20,nM,20 nM,,,,
70117_20230210MM1_P1,430420,H14,SH-SY5Y,6 h,DMSO,0.025,%,0.03%,Topotecan,20,nM,20 nM,,,,
70117_20230210MM1_P1,430420,O14,SH-SY5Y,6 h,DMSO,0.025,%,0.03%,Topotecan,20,nM,20 nM,,,,
70117_20230210MM1_P1,430420,H15,SH-SY5Y,6 h,DMSO,0.025,%,0.03%,Topotecan,20,nM,20 nM,,,,
70117_20230210MM1_P1,430420,O15,SH-SY5Y,6 h,DMSO,0.025,%,0.03%,Topotecan,20,nM,20 nM,,,,
70117_20230210MM1_P1,430420,F6,PBMC,6 h,DMSO,0.025,%,0.03%,Topotecan,5,nM,5 nM,,,,
70117_20230210MM1_P1,430420,M6,PBMC,6 h,DMSO,0.025,%,0.03%,Topotecan,5,nM,5 nM,,,,
70117_20230210MM1_P1,430420,F7,PBMC,6 h,DMSO,0.025,%,0.03%,Topotecan,5,nM,5 nM,,,,
70117_20230210MM1_P1,430420,M7,PBMC,6 h,DMSO,0.025,%,0.03%,Topotecan,5,nM,5 nM,,,,
70117_20230210MM1_P1,430420,F14,SH-SY5Y,6 h,DMSO,0.025,%,0.03%,Topotecan,5,nM,5 nM,,,,
70117_20230210MM1_P1,430420,M14,SH-SY5Y,6 h,DMSO,0.025,%,0.03%,Topotecan,5,nM,5 nM,,,,
70117_20230210MM1_P1,430420,F15,SH-SY5Y,6 h,DMSO,0.025,%,0.03%,Topotecan,5,nM,5 nM,,,,
70117_20230210MM1_P1,430420,M15,SH-SY5Y,6 h,DMSO,0.025,%,0.03%,Topotecan,5,nM,5 nM,,,,
70117_20230210MM1_P1,430420,A1,,6 h,,,,,,,,,,,,
70117_20230210MM1_P1,430420,B1,,6 h,,,,,,,,,,,,
70117_20230210MM1_P1,430420,C1,,6 h,,,,,,,,,,,,
70117_20230210MM1_P1,430420,D1,,6 h,,,,,,,,,,,,
70117_20230210MM1_P1,430420,E1,,6 h,,,,,,,,,,,,
70117_20230210MM1_P1,430420,F1,,6 h,,,,,,,,,,,,
70117_20230210MM1_P1,430420,G1,,6 h,,,,,,,,,,,,
70117_20230210MM1_P1,430420,H1,,6 h,,,,,,,,,,,,
70117_20230210MM1_P1,430420,I1,,6 h,,,,,,,,,,,,
70117_20230210MM1_P1,430420,J1,,6 h,,,,,,,,,,,,
70117_20230210MM1_P1,430420,K1,,6 h,,,,,,,,,,,,
70117_20230210MM1_P1,430420,L1,,6 h,,,,,,,,,,,,
70117_20230210MM1_P1,430420,M1,,6 h,,,,,,,,,,,,
70117_20230210MM1_P1,430420,N1,,6 h,,,,,,,,,,,,
70117_20230210MM1_P1,430420,O1,,6 h,,,,,,,,,,,,
70117_20230210MM1_P1,430420,P1,,6 h,,,,,,,,,,,,
70117_20230210MM1_P1,430420,A2,,6 h,,,,,,,,,,,,
70117_20230210MM1_P1,430420,P2,,6 h,,,,,,,,,,,,
70117_20230210MM1_P1,430420,A3,,6 h,,,,,,,,,,,,
70117_20230210MM1_P1,430420,P3,,6 h,,,,,,,,,,,,
70117_20230210MM1_P1,430420,A4,,6 h,,,,,,,,,,,,
70117_20230210MM1_P1,430420,O4,PBMC,6 h,Media ctr,,,,media ctr,,,,,,,
70117_20230210MM1_P1,430420,P4,,6 h,,,,,,,,,,,,
70117_20230210MM1_P1,430420,A5,,6 h,,,,,,,,,,,,
70117_20230210MM1_P1,430420,O5,PBMC,6 h,Media ctr,,,,media ctr,,,,,,,
70117_20230210MM1_P1,430420,P5,,6 h,,,,,,,,,,,,
70117_20230210MM1_P1,430420,A6,,6 h,,,,,,,,,,,,
70117_20230210MM1_P1,430420,P6,,6 h,,,,,,,,,,,,
70117_20230210MM1_P1,430420,A7,,6 h,,,,,,,,,,,,
70117_20230210MM1_P1,430420,P7,,6 h,,,,,,,,,,,,
70117_20230210MM1_P1,430420,A8,,6 h,,,,,,,,,,,,
70117_20230210MM1_P1,430420,P8,,6 h,,,,,,,,,,,,
70117_20230210MM1_P1,430420,A9,,6 h,,,,,,,,,,,,
70117_20230210MM1_P1,430420,P9,,6 h,,,,,,,,,,,,
70117_20230210MM1_P1,430420,A10,,6 h,,,,,,,,,,,,
70117_20230210MM1_P1,430420,O10,PBMC,6 h,Media ctr,,,,media ctr,,,,,,,
70117_20230210MM1_P1,430420,P10,,6 h,,,,,,,,,,,,
70117_20230210MM1_P1,430420,A11,,6 h,,,,,,,,,,,,
70117_20230210MM1_P1,430420,O11,PBMC,6 h,Media,,,,media ctr,,,,,,,
70117_20230210MM1_P1,430420,P11,,6 h,,,,,,,,,,,,
70117_20230210MM1_P1,430420,A12,,6 h,,,,,,,,,,,,
70117_20230210MM1_P1,430420,B12,PBMC,6 h,Media ctr,,,,media ctr,,,,,,,
70117_20230210MM1_P1,430420,I12,PBMC,6 h,Media ctr,,,,media ctr,,,,,,,
70117_20230210MM1_P1,430420,P12,,6 h,,,,,,,,,,,,
70117_20230210MM1_P1,430420,A13,,6 h,,,,,,,,,,,,
70117_20230210MM1_P1,430420,B13,SH-SY5Y,6 h,Media ctr,,,,media ctr,,,,,,,
70117_20230210MM1_P1,430420,I13,SH-SY5Y,6 h,Media ctr,,,,media ctr,,,,,,,
70117_20230210MM1_P1,430420,P13,,6 h,,,,,,,,,,,,
70117_20230210MM1_P1,430420,A14,,6 h,,,,,,,,,,,,
70117_20230210MM1_P1,430420,P14,,6 h,,,,,,,,,,,,
70117_20230210MM1_P1,430420,A15,,6 h,,,,,,,,,,,,
70117_20230210MM1_P1,430420,P15,,6 h,,,,,,,,,,,,
70117_20230210MM1_P1,430420,A16,,6 h,,,,,,,,,,,,
70117_20230210MM1_P1,430420,P16,,6 h,,,,,,,,,,,,
70117_20230210MM1_P1,430420,A17,,6 h,,,,,,,,,,,,
70117_20230210MM1_P1,430420,P17,,6 h,,,,,,,,,,,,
70117_20230210MM1_P1,430420,A18,,6 h,,,,,,,,,,,,
70117_20230210MM1_P1,430420,P18,,6 h,,,,,,,,,,,,
70117_20230210MM1_P1,430420,A19,,6 h,,,,,,,,,,,,
70117_20230210MM1_P1,430420,P19,,6 h,,,,,,,,,,,,
70117_20230210MM1_P1,430420,A20,,6 h,,,,,,,,,,,,
70117_20230210MM1_P1,430420,P20,,6 h,,,,,,,,,,,,
70117_20230210MM1_P1,430420,A21,,6 h,,,,,,,,,,,,
70117_20230210MM1_P1,430420,P21,,6 h,,,,,,,,,,,,
70117_20230210MM1_P1,430420,A22,,6 h,,,,,,,,,,,,
70117_20230210MM1_P1,430420,O22,SH-SY5Y,6 h,Media ctr,,,,media ctr,,,,,,,
70117_20230210MM1_P1,430420,P22,,6 h,,,,,,,,,,,,
70117_20230210MM1_P1,430420,A23,,6 h,,,,,,,,,,,,
70117_20230210MM1_P1,430420,O23,SH-SY5Y,6 h,Media ctr,,,,media ctr,,,,,,,
70117_20230210MM1_P1,430420,P23,,6 h,,,,,,,,,,,,
70117_20230210MM1_P1,430420,A24,,6 h,,,,,,,,,,,,
70117_20230210MM1_P1,430420,B24,,6 h,,,,,,,,,,,,
70117_20230210MM1_P1,430420,C24,,6 h,,,,,,,,,,,,
70117_20230210MM1_P1,430420,D24,,6 h,,,,,,,,,,,,
70117_20230210MM1_P1,430420,E24,,6 h,,,,,,,,,,,,
70117_20230210MM1_P1,430420,F24,,6 h,,,,,,,,,,,,
70117_20230210MM1_P1,430420,G24,,6 h,,,,,,,,,,,,
70117_20230210MM1_P1,430420,H24,,6 h,,,,,,,,,,,,
70117_20230210MM1_P1,430420,I24,,6 h,,,,,,,,,,,,
70117_20230210MM1_P1,430420,J24,,6 h,,,,,,,,,,,,
70117_20230210MM1_P1,430420,K24,,6 h,,,,,,,,,,,,
70117_20230210MM1_P1,430420,L24,,6 h,,,,,,,,,,,,
70117_20230210MM1_P1,430420,M24,,6 h,,,,,,,,,,,,
70117_20230210MM1_P1,430420,N24,,6 h,,,,,,,,,,,,
70117_20230210MM1_P1,430420,O24,,6 h,,,,,,,,,,,,
70117_20230210MM1_P1,430420,P24,,6 h,,,,,,,,,,,,
70117_20230118MM1_P1a,430418_430419,G7,SH-SY5Y,24 h,DMSO,0.1,%,0.10%,DMSO,0.1,%,0.10%,,,,
70117_20230118MM1_P1a,430418_430419,O7,SH-SY5Y,24 h,DMSO,0.1,%,0.10%,DMSO,0.1,%,0.10%,,,,
70117_20230118MM1_P1a,430418_430419,G8,SH-SY5Y,24 h,DMSO,0.1,%,0.10%,DMSO,0.1,%,0.10%,,,,
70117_20230118MM1_P1a,430418_430419,O8,SH-SY5Y,24 h,DMSO,0.1,%,0.10%,DMSO,0.1,%,0.10%,,,,
70117_20230118MM1_P1a,430418_430419,G9,SH-SY5Y,24 h,DMSO,0.1,%,0.10%,DMSO,0.1,%,0.10%,,,,
70117_20230118MM1_P1a,430418_430419,O9,SH-SY5Y,24 h,DMSO,0.1,%,0.10%,DMSO,0.1,%,0.10%,,,,
70117_20230118MM1_P1a,430418_430419,G10,SH-SY5Y,24 h,DMSO,0.1,%,0.10%,DMSO,0.1,%,0.10%,,,,
70117_20230118MM1_P1a,430418_430419,O10,SH-SY5Y,24 h,DMSO,0.1,%,0.10%,DMSO,0.1,%,0.10%,,,,
70117_20230118MM1_P1a,430418_430419,G11,SH-SY5Y,24 h,DMSO,0.1,%,0.10%,DMSO,0.1,%,0.10%,,,,
70117_20230118MM1_P1a,430418_430419,O11,SH-SY5Y,24 h,DMSO,0.1,%,0.10%,DMSO,0.1,%,0.10%,,,,
70117_20230118MM1_P1a,430418_430419,G12,SH-SY5Y,24 h,DMSO,0.1,%,0.10%,DMSO,0.1,%,0.10%,,,,
70117_20230118MM1_P1a,430418_430419,O12,SH-SY5Y,24 h,DMSO,0.1,%,0.10%,DMSO,0.1,%,0.10%,,,,
70117_20230118MM1_P1a,430418_430419,N13,SH-SY5Y,24 h,DMSO,0.1,%,0.10%,DMSO,0.1,%,0.10%,,,,
70117_20230118MM1_P1a,430418_430419,B14,SH-SY5Y,24 h,DMSO,0.1,%,0.10%,DMSO,0.1,%,0.10%,,,,
70117_20230118MM1_P1a,430418_430419,D15,SH-SY5Y,24 h,DMSO,0.1,%,0.10%,DMSO,0.1,%,0.10%,,,,
70117_20230118MM1_P1a,430418_430419,O16,SH-SY5Y,24 h,DMSO,0.1,%,0.10%,DMSO,0.1,%,0.10%,,,,
70117_20230118MM1_P1a,430418_430419,J17,SH-SY5Y,24 h,DMSO,0.1,%,0.10%,DMSO,0.1,%,0.10%,,,,
70117_20230118MM1_P1a,430418_430419,B18,SH-SY5Y,24 h,DMSO,0.1,%,0.10%,DMSO,0.1,%,0.10%,,,,
70117_20230118MM1_P1a,430418_430419,N19,SH-SY5Y,24 h,DMSO,0.1,%,0.10%,DMSO,0.1,%,0.10%,,,,
70117_20230118MM1_P1a,430418_430419,B20,SH-SY5Y,24 h,DMSO,0.1,%,0.10%,DMSO,0.1,%,0.10%,,,,
70117_20230118MM1_P1a,430418_430419,D21,SH-SY5Y,24 h,DMSO,0.1,%,0.10%,DMSO,0.1,%,0.10%,,,,
70117_20230118MM1_P1a,430418_430419,O22,SH-SY5Y,24 h,DMSO,0.1,%,0.10%,DMSO,0.1,%,0.10%,,,,
70117_20230118MM1_P1a,430418_430419,J23,SH-SY5Y,24 h,DMSO,0.1,%,0.10%,DMSO,0.1,%,0.10%,,,,
70117_20230118MM1_P1a,430418_430419,B24,SH-SY5Y,24 h,DMSO,0.1,%,0.10%,DMSO,0.1,%,0.10%,,,,
70117_20230118MM1_P1a,430418_430419,F1,SH-SY5Y,24 h,DMSO,0.1,%,0.10%,ATP,0.1,mM,0.1 mM,,,,
70117_20230118MM1_P1a,430418_430419,N1,SH-SY5Y,24 h,DMSO,0.1,%,0.10%,ATP,0.1,mM,0.1 mM,,,,
70117_20230118MM1_P1a,430418_430419,F2,SH-SY5Y,24 h,DMSO,0.1,%,0.10%,ATP,0.1,mM,0.1 mM,,,,
70117_20230118MM1_P1a,430418_430419,N2,SH-SY5Y,24 h,DMSO,0.1,%,0.10%,ATP,0.1,mM,0.1 mM,,,,
70117_20230118MM1_P1a,430418_430419,F3,SH-SY5Y,24 h,DMSO,0.1,%,0.10%,ATP,0.1,mM,0.1 mM,,,,
70117_20230118MM1_P1a,430418_430419,N3,SH-SY5Y,24 h,DMSO,0.1,%,0.10%,ATP,0.1,mM,0.1 mM,,,,
70117_20230118MM1_P1a,430418_430419,F4,SH-SY5Y,24 h,DMSO,0.1,%,0.10%,ATP,0.1,mM,0.1 mM,,,,
70117_20230118MM1_P1a,430418_430419,N4,SH-SY5Y,24 h,DMSO,0.1,%,0.10%,ATP,0.1,mM,0.1 mM,,,,
70117_20230118MM1_P1a,430418_430419,F5,SH-SY5Y,24 h,DMSO,0.1,%,0.10%,ATP,0.1,mM,0.1 mM,,,,
70117_20230118MM1_P1a,430418_430419,N5,SH-SY5Y,24 h,DMSO,0.1,%,0.10%,ATP,0.1,mM,0.1 mM,,,,
70117_20230118MM1_P1a,430418_430419,F6,SH-SY5Y,24 h,DMSO,0.1,%,0.10%,ATP,0.1,mM,0.1 mM,,,,
70117_20230118MM1_P1a,430418_430419,N6,SH-SY5Y,24 h,DMSO,0.1,%,0.10%,ATP,0.1,mM,0.1 mM,,,,
70117_20230118MM1_P1a,430418_430419,K13,SH-SY5Y,24 h,DMSO,0.1,%,0.10%,ATP,0.1,mM,0.1 mM,,,,
70117_20230118MM1_P1a,430418_430419,O14,SH-SY5Y,24 h,DMSO,0.1,%,0.10%,ATP,0.1,mM,0.1 mM,,,,
70117_20230118MM1_P1a,430418_430419,E15,SH-SY5Y,24 h,DMSO,0.1,%,0.10%,ATP,0.1,mM,0.1 mM,,,,
70117_20230118MM1_P1a,430418_430419,B16,SH-SY5Y,24 h,DMSO,0.1,%,0.10%,ATP,0.1,mM,0.1 mM,,,,
70117_20230118MM1_P1a,430418_430419,C17,SH-SY5Y,24 h,DMSO,0.1,%,0.10%,ATP,0.1,mM,0.1 mM,,,,
70117_20230118MM1_P1a,430418_430419,K18,SH-SY5Y,24 h,DMSO,0.1,%,0.10%,ATP,0.1,mM,0.1 mM,,,,
70117_20230118MM1_P1a,430418_430419,K19,SH-SY5Y,24 h,DMSO,0.1,%,0.10%,ATP,0.1,mM,0.1 mM,,,,
70117_20230118MM1_P1a,430418_430419,O20,SH-SY5Y,24 h,DMSO,0.1,%,0.10%,ATP,0.1,mM,0.1 mM,,,,
70117_20230118MM1_P1a,430418_430419,E21,SH-SY5Y,24 h,DMSO,0.1,%,0.10%,ATP,0.1,mM,0.1 mM,,,,
70117_20230118MM1_P1a,430418_430419,B22,SH-SY5Y,24 h,DMSO,0.1,%,0.10%,ATP,0.1,mM,0.1 mM,,,,
70117_20230118MM1_P1a,430418_430419,C23,SH-SY5Y,24 h,DMSO,0.1,%,0.10%,ATP,0.1,mM,0.1 mM,,,,
70117_20230118MM1_P1a,430418_430419,K24,SH-SY5Y,24 h,DMSO,0.1,%,0.10%,ATP,0.1,mM,0.1 mM,,,,
70117_20230118MM1_P1a,430418_430419,H1,SH-SY5Y,24 h,DMSO,0.1,%,0.10%,Flagellin,0.1,µg/ml,0.1 µg/ml,,,,
70117_20230118MM1_P1a,430418_430419,P1,SH-SY5Y,24 h,DMSO,0.1,%,0.10%,Flagellin,0.1,µg/ml,0.1 µg/ml,,,,
70117_20230118MM1_P1a,430418_430419,H2,SH-SY5Y,24 h,DMSO,0.1,%,0.10%,Flagellin,0.1,µg/ml,0.1 µg/ml,,,,
70117_20230118MM1_P1a,430418_430419,P2,SH-SY5Y,24 h,DMSO,0.1,%,0.10%,Flagellin,0.1,µg/ml,0.1 µg/ml,,,,
70117_20230118MM1_P1a,430418_430419,H3,SH-SY5Y,24 h,DMSO,0.1,%,0.10%,Flagellin,0.1,µg/ml,0.1 µg/ml,,,,
70117_20230118MM1_P1a,430418_430419,P3,SH-SY5Y,24 h,DMSO,0.1,%,0.10%,Flagellin,0.1,µg/ml,0.1 µg/ml,,,,
70117_20230118MM1_P1a,430418_430419,H4,SH-SY5Y,24 h,DMSO,0.1,%,0.10%,Flagellin,0.1,µg/ml,0.1 µg/ml,,,,
70117_20230118MM1_P1a,430418_430419,P4,SH-SY5Y,24 h,DMSO,0.1,%,0.10%,Flagellin,0.1,µg/ml,0.1 µg/ml,,,,
70117_20230118MM1_P1a,430418_430419,H5,SH-SY5Y,24 h,DMSO,0.1,%,0.10%,Flagellin,0.1,µg/ml,0.1 µg/ml,,,,
70117_20230118MM1_P1a,430418_430419,P5,SH-SY5Y,24 h,DMSO,0.1,%,0.10%,Flagellin,0.1,µg/ml,0.1 µg/ml,,,,
70117_20230118MM1_P1a,430418_430419,H6,SH-SY5Y,24 h,DMSO,0.1,%,0.10%,Flagellin,0.1,µg/ml,0.1 µg/ml,,,,
70117_20230118MM1_P1a,430418_430419,P6,SH-SY5Y,24 h,DMSO,0.1,%,0.10%,Flagellin,0.1,µg/ml,0.1 µg/ml,,,,
70117_20230118MM1_P1a,430418_430419,O13,SH-SY5Y,24 h,DMSO,0.1,%,0.10%,Flagellin,0.1,µg/ml,0.1 µg/ml,,,,
70117_20230118MM1_P1a,430418_430419,C14,SH-SY5Y,24 h,DMSO,0.1,%,0.10%,Flagellin,0.1,µg/ml,0.1 µg/ml,,,,
70117_20230118MM1_P1a,430418_430419,A15,SH-SY5Y,24 h,DMSO,0.1,%,0.10%,Flagellin,0.1,µg/ml,0.1 µg/ml,,,,
70117_20230118MM1_P1a,430418_430419,N16,SH-SY5Y,24 h,DMSO,0.1,%,0.10%,Flagellin,0.1,µg/ml,0.1 µg/ml,,,,
70117_20230118MM1_P1a,430418_430419,A17,SH-SY5Y,24 h,DMSO,0.1,%,0.10%,Flagellin,0.1,µg/ml,0.1 µg/ml,,,,
70117_20230118MM1_P1a,430418_430419,I18,SH-SY5Y,24 h,DMSO,0.1,%,0.10%,Flagellin,0.1,µg/ml,0.1 µg/ml,,,,
70117_20230118MM1_P1a,430418_430419,O19,SH-SY5Y,24 h,DMSO,0.1,%,0.10%,Flagellin,0.1,µg/ml,0.1 µg/ml,,,,
70117_20230118MM1_P1a,430418_430419,C20,SH-SY5Y,24 h,DMSO,0.1,%,0.10%,Flagellin,0.1,µg/ml,0.1 µg/ml,,,,
70117_20230118MM1_P1a,430418_430419,A21,SH-SY5Y,24 h,DMSO,0.1,%,0.10%,Flagellin,0.1,µg/ml,0.1 µg/ml,,,,
70117_20230118MM1_P1a,430418_430419,N22,SH-SY5Y,24 h,DMSO,0.1,%,0.10%,Flagellin,0.1,µg/ml,0.1 µg/ml,,,,
70117_20230118MM1_P1a,430418_430419,A23,SH-SY5Y,24 h,DMSO,0.1,%,0.10%,Flagellin,0.1,µg/ml,0.1 µg/ml,,,,
70117_20230118MM1_P1a,430418_430419,I24,SH-SY5Y,24 h,DMSO,0.1,%,0.10%,Flagellin,0.1,µg/ml,0.1 µg/ml,,,,
70117_20230118MM1_P1a,430418_430419,B7,SH-SY5Y,24 h,DMSO,0.1,%,0.10%,Disulfiram,0.1,µM,0.1 µM,,,,
70117_20230118MM1_P1a,430418_430419,J7,SH-SY5Y,24 h,DMSO,0.1,%,0.10%,Disulfiram,0.1,µM,0.1 µM,,,,
70117_20230118MM1_P1a,430418_430419,B8,SH-SY5Y,24 h,DMSO,0.1,%,0.10%,Disulfiram,0.1,µM,0.1 µM,,,,
70117_20230118MM1_P1a,430418_430419,J8,SH-SY5Y,24 h,DMSO,0.1,%,0.10%,Disulfiram,0.1,µM,0.1 µM,,,,
70117_20230118MM1_P1a,430418_430419,B9,SH-SY5Y,24 h,DMSO,0.1,%,0.10%,Disulfiram,0.1,µM,0.1 µM,,,,
70117_20230118MM1_P1a,430418_430419,J9,SH-SY5Y,24 h,DMSO,0.1,%,0.10%,Disulfiram,0.1,µM,0.1 µM,,,,
70117_20230118MM1_P1a,430418_430419,B10,SH-SY5Y,24 h,DMSO,0.1,%,0.10%,Disulfiram,0.1,µM,0.1 µM,,,,
70117_20230118MM1_P1a,430418_430419,J10,SH-SY5Y,24 h,DMSO,0.1,%,0.10%,Disulfiram,0.1,µM,0.1 µM,,,,
70117_20230118MM1_P1a,430418_430419,B11,SH-SY5Y,24 h,DMSO,0.1,%,0.10%,Disulfiram,0.1,µM,0.1 µM,,,,
70117_20230118MM1_P1a,430418_430419,J11,SH-SY5Y,24 h,DMSO,0.1,%,0.10%,Disulfiram,0.1,µM,0.1 µM,,,,
70117_20230118MM1_P1a,430418_430419,B12,SH-SY5Y,24 h,DMSO,0.1,%,0.10%,Disulfiram,0.1,µM,0.1 µM,,,,
70117_20230118MM1_P1a,430418_430419,J12,SH-SY5Y,24 h,DMSO,0.1,%,0.10%,Disulfiram,0.1,µM,0.1 µM,,,,
70117_20230118MM1_P1a,430418_430419,D13,SH-SY5Y,24 h,DMSO,0.1,%,0.10%,Disulfiram,0.1,µM,0.1 µM,,,,
70117_20230118MM1_P1a,430418_430419,H14,SH-SY5Y,24 h,DMSO,0.1,%,0.10%,Disulfiram,0.1,µM,0.1 µM,,,,
70117_20230118MM1_P1a,430418_430419,N15,SH-SY5Y,24 h,DMSO,0.1,%,0.10%,Disulfiram,0.1,µM,0.1 µM,,,,
70117_20230118MM1_P1a,430418_430419,I16,SH-SY5Y,24 h,DMSO,0.1,%,0.10%,Disulfiram,0.1,µM,0.1 µM,,,,
70117_20230118MM1_P1a,430418_430419,O17,SH-SY5Y,24 h,DMSO,0.1,%,0.10%,Disulfiram,0.1,µM,0.1 µM,,,,
70117_20230118MM1_P1a,430418_430419,G18,SH-SY5Y,24 h,DMSO,0.1,%,0.10%,Disulfiram,0.1,µM,0.1 µM,,,,
70117_20230118MM1_P1a,430418_430419,D19,SH-SY5Y,24 h,DMSO,0.1,%,0.10%,Disulfiram,0.1,µM,0.1 µM,,,,
70117_20230118MM1_P1a,430418_430419,H20,SH-SY5Y,24 h,DMSO,0.1,%,0.10%,Disulfiram,0.1,µM,0.1 µM,,,,
70117_20230118MM1_P1a,430418_430419,N21,SH-SY5Y,24 h,DMSO,0.1,%,0.10%,Disulfiram,0.1,µM,0.1 µM,,,,
70117_20230118MM1_P1a,430418_430419,I22,SH-SY5Y,24 h,DMSO,0.1,%,0.10%,Disulfiram,0.1,µM,0.1 µM,,,,
70117_20230118MM1_P1a,430418_430419,O23,SH-SY5Y,24 h,DMSO,0.1,%,0.10%,Disulfiram,0.1,µM,0.1 µM,,,,
70117_20230118MM1_P1a,430418_430419,G24,SH-SY5Y,24 h,DMSO,0.1,%,0.10%,Disulfiram,0.1,µM,0.1 µM,,,,
70117_20230118MM1_P1a,430418_430419,E1,SH-SY5Y,24 h,DMSO,0.1,%,0.10%,ATP,1,mM,1 mM,,,,
70117_20230118MM1_P1a,430418_430419,M1,SH-SY5Y,24 h,DMSO,0.1,%,0.10%,ATP,1,mM,1 mM,,,,
70117_20230118MM1_P1a,430418_430419,E2,SH-SY5Y,24 h,DMSO,0.1,%,0.10%,ATP,1,mM,1 mM,,,,
70117_20230118MM1_P1a,430418_430419,M2,SH-SY5Y,24 h,DMSO,0.1,%,0.10%,ATP,1,mM,1 mM,,,,
70117_20230118MM1_P1a,430418_430419,E3,SH-SY5Y,24 h,DMSO,0.1,%,0.10%,ATP,1,mM,1 mM,,,,
70117_20230118MM1_P1a,430418_430419,M3,SH-SY5Y,24 h,DMSO,0.1,%,0.10%,ATP,1,mM,1 mM,,,,
70117_20230118MM1_P1a,430418_430419,E4,SH-SY5Y,24 h,DMSO,0.1,%,0.10%,ATP,1,mM,1 mM,,,,
70117_20230118MM1_P1a,430418_430419,M4,SH-SY5Y,24 h,DMSO,0.1,%,0.10%,ATP,1,mM,1 mM,,,,
70117_20230118MM1_P1a,430418_430419,E5,SH-SY5Y,24 h,DMSO,0.1,%,0.10%,ATP,1,mM,1 mM,,,,
70117_20230118MM1_P1a,430418_430419,M5,SH-SY5Y,24 h,DMSO,0.1,%,0.10%,ATP,1,mM,1 mM,,,,
70117_20230118MM1_P1a,430418_430419,E6,SH-SY5Y,24 h,DMSO,0.1,%,0.10%,ATP,1,mM,1 mM,,,,
70117_20230118MM1_P1a,430418_430419,M6,SH-SY5Y,24 h,DMSO,0.1,%,0.10%,ATP,1,mM,1 mM,,,,
70117_20230118MM1_P1a,430418_430419,I13,SH-SY5Y,24 h,DMSO,0.1,%,0.10%,ATP,1,mM,1 mM,,,,
70117_20230118MM1_P1a,430418_430419,M14,SH-SY5Y,24 h,DMSO,0.1,%,0.10%,ATP,1,mM,1 mM,,,,
70117_20230118MM1_P1a,430418_430419,G15,SH-SY5Y,24 h,DMSO,0.1,%,0.10%,ATP,1,mM,1 mM,,,,
70117_20230118MM1_P1a,430418_430419,D16,SH-SY5Y,24 h,DMSO,0.1,%,0.10%,ATP,1,mM,1 mM,,,,
70117_20230118MM1_P1a,430418_430419,D17,SH-SY5Y,24 h,DMSO,0.1,%,0.10%,ATP,1,mM,1 mM,,,,
70117_20230118MM1_P1a,430418_430419,L18,SH-SY5Y,24 h,DMSO,0.1,%,0.10%,ATP,1,mM,1 mM,,,,
70117_20230118MM1_P1a,430418_430419,I19,SH-SY5Y,24 h,DMSO,0.1,%,0.10%,ATP,1,mM,1 mM,,,,
70117_20230118MM1_P1a,430418_430419,M20,SH-SY5Y,24 h,DMSO,0.1,%,0.10%,ATP,1,mM,1 mM,,,,
70117_20230118MM1_P1a,430418_430419,G21,SH-SY5Y,24 h,DMSO,0.1,%,0.10%,ATP,1,mM,1 mM,,,,
70117_20230118MM1_P1a,430418_430419,D22,SH-SY5Y,24 h,DMSO,0.1,%,0.10%,ATP,1,mM,1 mM,,,,
70117_20230118MM1_P1a,430418_430419,D23,SH-SY5Y,24 h,DMSO,0.1,%,0.10%,ATP,1,mM,1 mM,,,,
70117_20230118MM1_P1a,430418_430419,L24,SH-SY5Y,24 h,DMSO,0.1,%,0.10%,ATP,1,mM,1 mM,,,,
70117_20230118MM1_P1a,430418_430419,F7,SH-SY5Y,24 h,DMSO,0.1,%,0.10%,LPS,1,µg/ml,1 µg/ml,Nigericin,1,µM,1 µM
70117_20230118MM1_P1a,430418_430419,N7,SH-SY5Y,24 h,DMSO,0.1,%,0.10%,LPS,1,µg/ml,1 µg/ml,Nigericin,1,µM,1 µM
70117_20230118MM1_P1a,430418_430419,F8,SH-SY5Y,24 h,DMSO,0.1,%,0.10%,LPS,1,µg/ml,1 µg/ml,Nigericin,1,µM,1 µM
70117_20230118MM1_P1a,430418_430419,N8,SH-SY5Y,24 h,DMSO,0.1,%,0.10%,LPS,1,µg/ml,1 µg/ml,Nigericin,1,µM,1 µM
70117_20230118MM1_P1a,430418_430419,F9,SH-SY5Y,24 h,DMSO,0.1,%,0.10%,LPS,1,µg/ml,1 µg/ml,Nigericin,1,µM,1 µM
70117_20230118MM1_P1a,430418_430419,N9,SH-SY5Y,24 h,DMSO,0.1,%,0.10%,LPS,1,µg/ml,1 µg/ml,Nigericin,1,µM,1 µM
70117_20230118MM1_P1a,430418_430419,F10,SH-SY5Y,24 h,DMSO,0.1,%,0.10%,LPS,1,µg/ml,1 µg/ml,Nigericin,1,µM,1 µM
70117_20230118MM1_P1a,430418_430419,N10,SH-SY5Y,24 h,DMSO,0.1,%,0.10%,LPS,1,µg/ml,1 µg/ml,Nigericin,1,µM,1 µM
70117_20230118MM1_P1a,430418_430419,F11,SH-SY5Y,24 h,DMSO,0.1,%,0.10%,LPS,1,µg/ml,1 µg/ml,Nigericin,1,µM,1 µM
70117_20230118MM1_P1a,430418_430419,N11,SH-SY5Y,24 h,DMSO,0.1,%,0.10%,LPS,1,µg/ml,1 µg/ml,Nigericin,1,µM,1 µM
70117_20230118MM1_P1a,430418_430419,F12,SH-SY5Y,24 h,DMSO,0.1,%,0.10%,LPS,1,µg/ml,1 µg/ml,Nigericin,1,µM,1 µM
70117_20230118MM1_P1a,430418_430419,N12,SH-SY5Y,24 h,DMSO,0.1,%,0.10%,LPS,1,µg/ml,1 µg/ml,Nigericin,1,µM,1 µM
70117_20230118MM1_P1a,430418_430419,L13,SH-SY5Y,24 h,DMSO,0.1,%,0.10%,LPS,1,µg/ml,1 µg/ml,Nigericin,1,µM,1 µM
70117_20230118MM1_P1a,430418_430419,P14,SH-SY5Y,24 h,DMSO,0.1,%,0.10%,LPS,1,µg/ml,1 µg/ml,Nigericin,1,µM,1 µM
70117_20230118MM1_P1a,430418_430419,F15,SH-SY5Y,24 h,DMSO,0.1,%,0.10%,LPS,1,µg/ml,1 µg/ml,Nigericin,1,µM,1 µM
70117_20230118MM1_P1a,430418_430419,A16,SH-SY5Y,24 h,DMSO,0.1,%,0.10%,LPS,1,µg/ml,1 µg/ml,Nigericin,1,µM,1 µM
70117_20230118MM1_P1a,430418_430419,K17,SH-SY5Y,24 h,DMSO,0.1,%,0.10%,LPS,1,µg/ml,1 µg/ml,Nigericin,1,µM,1 µM
70117_20230118MM1_P1a,430418_430419,C18,SH-SY5Y,24 h,DMSO,0.1,%,0.10%,LPS,1,µg/ml,1 µg/ml,Nigericin,1,µM,1 µM
70117_20230118MM1_P1a,430418_430419,L19,SH-SY5Y,24 h,DMSO,0.1,%,0.10%,LPS,1,µg/ml,1 µg/ml,Nigericin,1,µM,1 µM
70117_20230118MM1_P1a,430418_430419,P20,SH-SY5Y,24 h,DMSO,0.1,%,0.10%,LPS,1,µg/ml,1 µg/ml,Nigericin,1,µM,1 µM
70117_20230118MM1_P1a,430418_430419,F21,SH-SY5Y,24 h,DMSO,0.1,%,0.10%,LPS,1,µg/ml,1 µg/ml,Nigericin,1,µM,1 µM
70117_20230118MM1_P1a,430418_430419,A22,SH-SY5Y,24 h,DMSO,0.1,%,0.10%,LPS,1,µg/ml,1 µg/ml,Nigericin,1,µM,1 µM
70117_20230118MM1_P1a,430418_430419,K23,SH-SY5Y,24 h,DMSO,0.1,%,0.10%,LPS,1,µg/ml,1 µg/ml,Nigericin,1,µM,1 µM
70117_20230118MM1_P1a,430418_430419,C24,SH-SY5Y,24 h,DMSO,0.1,%,0.10%,LPS,1,µg/ml,1 µg/ml,Nigericin,1,µM,1 µM
70117_20230118MM1_P1a,430418_430419,E7,SH-SY5Y,24 h,DMSO,0.1,%,0.10%,LPS,1,µg/ml,1 µg/ml,Nigericin,10,µM,10 µM
70117_20230118MM1_P1a,430418_430419,M7,SH-SY5Y,24 h,DMSO,0.1,%,0.10%,LPS,1,µg/ml,1 µg/ml,Nigericin,10,µM,10 µM
70117_20230118MM1_P1a,430418_430419,E8,SH-SY5Y,24 h,DMSO,0.1,%,0.10%,LPS,1,µg/ml,1 µg/ml,Nigericin,10,µM,10 µM
70117_20230118MM1_P1a,430418_430419,M8,SH-SY5Y,24 h,DMSO,0.1,%,0.10%,LPS,1,µg/ml,1 µg/ml,Nigericin,10,µM,10 µM
70117_20230118MM1_P1a,430418_430419,E9,SH-SY5Y,24 h,DMSO,0.1,%,0.10%,LPS,1,µg/ml,1 µg/ml,Nigericin,10,µM,10 µM
70117_20230118MM1_P1a,430418_430419,M9,SH-SY5Y,24 h,DMSO,0.1,%,0.10%,LPS,1,µg/ml,1 µg/ml,Nigericin,10,µM,10 µM
70117_20230118MM1_P1a,430418_430419,E10,SH-SY5Y,24 h,DMSO,0.1,%,0.10%,LPS,1,µg/ml,1 µg/ml,Nigericin,10,µM,10 µM
70117_20230118MM1_P1a,430418_430419,M10,SH-SY5Y,24 h,DMSO,0.1,%,0.10%,LPS,1,µg/ml,1 µg/ml,Nigericin,10,µM,10 µM
70117_20230118MM1_P1a,430418_430419,E11,SH-SY5Y,24 h,DMSO,0.1,%,0.10%,LPS,1,µg/ml,1 µg/ml,Nigericin,10,µM,10 µM
70117_20230118MM1_P1a,430418_430419,M11,SH-SY5Y,24 h,DMSO,0.1,%,0.10%,LPS,1,µg/ml,1 µg/ml,Nigericin,10,µM,10 µM
70117_20230118MM1_P1a,430418_430419,E12,SH-SY5Y,24 h,DMSO,0.1,%,0.10%,LPS,1,µg/ml,1 µg/ml,Nigericin,10,µM,10 µM
70117_20230118MM1_P1a,430418_430419,M12,SH-SY5Y,24 h,DMSO,0.1,%,0.10%,LPS,1,µg/ml,1 µg/ml,Nigericin,10,µM,10 µM
70117_20230118MM1_P1a,430418_430419,J13,SH-SY5Y,24 h,DMSO,0.1,%,0.10%,LPS,1,µg/ml,1 µg/ml,Nigericin,10,µM,10 µM
70117_20230118MM1_P1a,430418_430419,N14,SH-SY5Y,24 h,DMSO,0.1,%,0.10%,LPS,1,µg/ml,1 µg/ml,Nigericin,10,µM,10 µM
70117_20230118MM1_P1a,430418_430419,H15,SH-SY5Y,24 h,DMSO,0.1,%,0.10%,LPS,1,µg/ml,1 µg/ml,Nigericin,10,µM,10 µM
70117_20230118MM1_P1a,430418_430419,C16,SH-SY5Y,24 h,DMSO,0.1,%,0.10%,LPS,1,µg/ml,1 µg/ml,Nigericin,10,µM,10 µM
70117_20230118MM1_P1a,430418_430419,L17,SH-SY5Y,24 h,DMSO,0.1,%,0.10%,LPS,1,µg/ml,1 µg/ml,Nigericin,10,µM,10 µM
70117_20230118MM1_P1a,430418_430419,D18,SH-SY5Y,24 h,DMSO,0.1,%,0.10%,LPS,1,µg/ml,1 µg/ml,Nigericin,10,µM,10 µM
70117_20230118MM1_P1a,430418_430419,J19,SH-SY5Y,24 h,DMSO,0.1,%,0.10%,LPS,1,µg/ml,1 µg/ml,Nigericin,10,µM,10 µM
70117_20230118MM1_P1a,430418_430419,N20,SH-SY5Y,24 h,DMSO,0.1,%,0.10%,LPS,1,µg/ml,1 µg/ml,Nigericin,10,µM,10 µM
70117_20230118MM1_P1a,430418_430419,H21,SH-SY5Y,24 h,DMSO,0.1,%,0.10%,LPS,1,µg/ml,1 µg/ml,Nigericin,10,µM,10 µM
70117_20230118MM1_P1a,430418_430419,C22,SH-SY5Y,24 h,DMSO,0.1,%,0.10%,LPS,1,µg/ml,1 µg/ml,Nigericin,10,µM,10 µM
70117_20230118MM1_P1a,430418_430419,L23,SH-SY5Y,24 h,DMSO,0.1,%,0.10%,LPS,1,µg/ml,1 µg/ml,Nigericin,10,µM,10 µM
70117_20230118MM1_P1a,430418_430419,D24,SH-SY5Y,24 h,DMSO,0.1,%,0.10%,LPS,1,µg/ml,1 µg/ml,Nigericin,10,µM,10 µM
70117_20230118MM1_P1a,430418_430419,B1,SH-SY5Y,24 h,DMSO,0.1,%,0.10%,LPS,1,µg/ml,1 µg/ml,,,,
70117_20230118MM1_P1a,430418_430419,G1,SH-SY5Y,24 h,DMSO,0.1,%,0.10%,Flagellin,1,µg/ml,1 µg/ml,,,,
70117_20230118MM1_P1a,430418_430419,J1,SH-SY5Y,24 h,DMSO,0.1,%,0.10%,LPS,1,µg/ml,1 µg/ml,,,,
70117_20230118MM1_P1a,430418_430419,O1,SH-SY5Y,24 h,DMSO,0.1,%,0.10%,Flagellin,1,µg/ml,1 µg/ml,,,,
70117_20230118MM1_P1a,430418_430419,B2,SH-SY5Y,24 h,DMSO,0.1,%,0.10%,LPS,1,µg/ml,1 µg/ml,,,,
70117_20230118MM1_P1a,430418_430419,G2,SH-SY5Y,24 h,DMSO,0.1,%,0.10%,Flagellin,1,µg/ml,1 µg/ml,,,,
70117_20230118MM1_P1a,430418_430419,J2,SH-SY5Y,24 h,DMSO,0.1,%,0.10%,LPS,1,µg/ml,1 µg/ml,,,,
70117_20230118MM1_P1a,430418_430419,O2,SH-SY5Y,24 h,DMSO,0.1,%,0.10%,Flagellin,1,µg/ml,1 µg/ml,,,,
70117_20230118MM1_P1a,430418_430419,B3,SH-SY5Y,24 h,DMSO,0.1,%,0.10%,LPS,1,µg/ml,1 µg/ml,,,,
70117_20230118MM1_P1a,430418_430419,G3,SH-SY5Y,24 h,DMSO,0.1,%,0.10%,Flagellin,1,µg/ml,1 µg/ml,,,,
70117_20230118MM1_P1a,430418_430419,J3,SH-SY5Y,24 h,DMSO,0.1,%,0.10%,LPS,1,µg/ml,1 µg/ml,,,,
70117_20230118MM1_P1a,430418_430419,O3,SH-SY5Y,24 h,DMSO,0.1,%,0.10%,Flagellin,1,µg/ml,1 µg/ml,,,,
70117_20230118MM1_P1a,430418_430419,B4,SH-SY5Y,24 h,DMSO,0.1,%,0.10%,LPS,1,µg/ml,1 µg/ml,,,,
70117_20230118MM1_P1a,430418_430419,G4,SH-SY5Y,24 h,DMSO,0.1,%,0.10%,Flagellin,1,µg/ml,1 µg/ml,,,,
70117_20230118MM1_P1a,430418_430419,J4,SH-SY5Y,24 h,DMSO,0.1,%,0.10%,LPS,1,µg/ml,1 µg/ml,,,,
70117_20230118MM1_P1a,430418_430419,O4,SH-SY5Y,24 h,DMSO,0.1,%,0.10%,Flagellin,1,µg/ml,1 µg/ml,,,,
70117_20230118MM1_P1a,430418_430419,B5,SH-SY5Y,24 h,DMSO,0.1,%,0.10%,LPS,1,µg/ml,1 µg/ml,,,,
70117_20230118MM1_P1a,430418_430419,G5,SH-SY5Y,24 h,DMSO,0.1,%,0.10%,Flagellin,1,µg/ml,1 µg/ml,,,,
70117_20230118MM1_P1a,430418_430419,J5,SH-SY5Y,24 h,DMSO,0.1,%,0.10%,LPS,1,µg/ml,1 µg/ml,,,,
70117_20230118MM1_P1a,430418_430419,O5,SH-SY5Y,24 h,DMSO,0.1,%,0.10%,Flagellin,1,µg/ml,1 µg/ml,,,,
70117_20230118MM1_P1a,430418_430419,B6,SH-SY5Y,24 h,DMSO,0.1,%,0.10%,LPS,1,µg/ml,1 µg/ml,,,,
70117_20230118MM1_P1a,430418_430419,G6,SH-SY5Y,24 h,DMSO,0.1,%,0.10%,Flagellin,1,µg/ml,1 µg/ml,,,,
70117_20230118MM1_P1a,430418_430419,J6,SH-SY5Y,24 h,DMSO,0.1,%,0.10%,LPS,1,µg/ml,1 µg/ml,,,,
70117_20230118MM1_P1a,430418_430419,O6,SH-SY5Y,24 h,DMSO,0.1,%,0.10%,Flagellin,1,µg/ml,1 µg/ml,,,,
70117_20230118MM1_P1a,430418_430419,C13,SH-SY5Y,24 h,DMSO,0.1,%,0.10%,LPS,1,µg/ml,1 µg/ml,,,,
70117_20230118MM1_P1a,430418_430419,M13,SH-SY5Y,24 h,DMSO,0.1,%,0.10%,Flagellin,1,µg/ml,1 µg/ml,,,,
70117_20230118MM1_P1a,430418_430419,A14,SH-SY5Y,24 h,DMSO,0.1,%,0.10%,Flagellin,1,µg/ml,1 µg/ml,,,,
70117_20230118MM1_P1a,430418_430419,G14,SH-SY5Y,24 h,DMSO,0.1,%,0.10%,LPS,1,µg/ml,1 µg/ml,,,,
70117_20230118MM1_P1a,430418_430419,C15,SH-SY5Y,24 h,DMSO,0.1,%,0.10%,Flagellin,1,µg/ml,1 µg/ml,,,,
70117_20230118MM1_P1a,430418_430419,M15,SH-SY5Y,24 h,DMSO,0.1,%,0.10%,LPS,1,µg/ml,1 µg/ml,,,,
70117_20230118MM1_P1a,430418_430419,J16,SH-SY5Y,24 h,DMSO,0.1,%,0.10%,LPS,1,µg/ml,1 µg/ml,,,,
70117_20230118MM1_P1a,430418_430419,P16,SH-SY5Y,24 h,DMSO,0.1,%,0.10%,Flagellin,1,µg/ml,1 µg/ml,,,,
70117_20230118MM1_P1a,430418_430419,B17,SH-SY5Y,24 h,DMSO,0.1,%,0.10%,Flagellin,1,µg/ml,1 µg/ml,,,,
70117_20230118MM1_P1a,430418_430419,G17,SH-SY5Y,24 h,DMSO,0.1,%,0.10%,LPS,1,µg/ml,1 µg/ml,,,,
70117_20230118MM1_P1a,430418_430419,J18,SH-SY5Y,24 h,DMSO,0.1,%,0.10%,Flagellin,1,µg/ml,1 µg/ml,,,,
70117_20230118MM1_P1a,430418_430419,O18,SH-SY5Y,24 h,DMSO,0.1,%,0.10%,LPS,1,µg/ml,1 µg/ml,,,,
70117_20230118MM1_P1a,430418_430419,C19,SH-SY5Y,24 h,DMSO,0.1,%,0.10%,LPS,1,µg/ml,1 µg/ml,,,,
70117_20230118MM1_P1a,430418_430419,M19,SH-SY5Y,24 h,DMSO,0.1,%,0.10%,Flagellin,1,µg/ml,1 µg/ml,,,,
70117_20230118MM1_P1a,430418_430419,A20,SH-SY5Y,24 h,DMSO,0.1,%,0.10%,Flagellin,1,µg/ml,1 µg/ml,,,,
70117_20230118MM1_P1a,430418_430419,G20,SH-SY5Y,24 h,DMSO,0.1,%,0.10%,LPS,1,µg/ml,1 µg/ml,,,,
70117_20230118MM1_P1a,430418_430419,C21,SH-SY5Y,24 h,DMSO,0.1,%,0.10%,Flagellin,1,µg/ml,1 µg/ml,,,,
70117_20230118MM1_P1a,430418_430419,M21,SH-SY5Y,24 h,DMSO,0.1,%,0.10%,LPS,1,µg/ml,1 µg/ml,,,,
70117_20230118MM1_P1a,430418_430419,J22,SH-SY5Y,24 h,DMSO,0.1,%,0.10%,LPS,1,µg/ml,1 µg/ml,,,,
70117_20230118MM1_P1a,430418_430419,P22,SH-SY5Y,24 h,DMSO,0.1,%,0.10%,Flagellin,1,µg/ml,1 µg/ml,,,,
70117_20230118MM1_P1a,430418_430419,B23,SH-SY5Y,24 h,DMSO,0.1,%,0.10%,Flagellin,1,µg/ml,1 µg/ml,,,,
70117_20230118MM1_P1a,430418_430419,G23,SH-SY5Y,24 h,DMSO,0.1,%,0.10%,LPS,1,µg/ml,1 µg/ml,,,,
70117_20230118MM1_P1a,430418_430419,J24,SH-SY5Y,24 h,DMSO,0.1,%,0.10%,Flagellin,1,µg/ml,1 µg/ml,,,,
70117_20230118MM1_P1a,430418_430419,O24,SH-SY5Y,24 h,DMSO,0.1,%,0.10%,LPS,1,µg/ml,1 µg/ml,,,,
70117_20230118MM1_P1a,430418_430419,D7,SH-SY5Y,24 h,DMSO,0.1,%,0.10%,Thapsi,1,µM,1 µM,,,,
70117_20230118MM1_P1a,430418_430419,L7,SH-SY5Y,24 h,DMSO,0.1,%,0.10%,Thapsi,1,µM,1 µM,,,,
70117_20230118MM1_P1a,430418_430419,D8,SH-SY5Y,24 h,DMSO,0.1,%,0.10%,Thapsi,1,µM,1 µM,,,,
70117_20230118MM1_P1a,430418_430419,L8,SH-SY5Y,24 h,DMSO,0.1,%,0.10%,Thapsi,1,µM,1 µM,,,,
70117_20230118MM1_P1a,430418_430419,D9,SH-SY5Y,24 h,DMSO,0.1,%,0.10%,Thapsi,1,µM,1 µM,,,,
70117_20230118MM1_P1a,430418_430419,L9,SH-SY5Y,24 h,DMSO,0.1,%,0.10%,Thapsi,1,µM,1 µM,,,,
70117_20230118MM1_P1a,430418_430419,D10,SH-SY5Y,24 h,DMSO,0.1,%,0.10%,Thapsi,1,µM,1 µM,,,,
70117_20230118MM1_P1a,430418_430419,L10,SH-SY5Y,24 h,DMSO,0.1,%,0.10%,Thapsi,1,µM,1 µM,,,,
70117_20230118MM1_P1a,430418_430419,D11,SH-SY5Y,24 h,DMSO,0.1,%,0.10%,Thapsi,1,µM,1 µM,,,,
70117_20230118MM1_P1a,430418_430419,L11,SH-SY5Y,24 h,DMSO,0.1,%,0.10%,Thapsi,1,µM,1 µM,,,,
70117_20230118MM1_P1a,430418_430419,D12,SH-SY5Y,24 h,DMSO,0.1,%,0.10%,Thapsi,1,µM,1 µM,,,,
70117_20230118MM1_P1a,430418_430419,L12,SH-SY5Y,24 h,DMSO,0.1,%,0.10%,Thapsi,1,µM,1 µM,,,,
70117_20230118MM1_P1a,430418_430419,H13,SH-SY5Y,24 h,DMSO,0.1,%,0.10%,Thapsi,1,µM,1 µM,,,,
70117_20230118MM1_P1a,430418_430419,L14,SH-SY5Y,24 h,DMSO,0.1,%,0.10%,Thapsi,1,µM,1 µM,,,,
70117_20230118MM1_P1a,430418_430419,J15,SH-SY5Y,24 h,DMSO,0.1,%,0.10%,Thapsi,1,µM,1 µM,,,,
70117_20230118MM1_P1a,430418_430419,E16,SH-SY5Y,24 h,DMSO,0.1,%,0.10%,Thapsi,1,µM,1 µM,,,,
70117_20230118MM1_P1a,430418_430419,M17,SH-SY5Y,24 h,DMSO,0.1,%,0.10%,Thapsi,1,µM,1 µM,,,,
70117_20230118MM1_P1a,430418_430419,E18,SH-SY5Y,24 h,DMSO,0.1,%,0.10%,Thapsi,1,µM,1 µM,,,,
70117_20230118MM1_P1a,430418_430419,H19,SH-SY5Y,24 h,DMSO,0.1,%,0.10%,Thapsi,1,µM,1 µM,,,,
70117_20230118MM1_P1a,430418_430419,L20,SH-SY5Y,24 h,DMSO,0.1,%,0.10%,Thapsi,1,µM,1 µM,,,,
70117_20230118MM1_P1a,430418_430419,J21,SH-SY5Y,24 h,DMSO,0.1,%,0.10%,Thapsi,1,µM,1 µM,,,,
70117_20230118MM1_P1a,430418_430419,E22,SH-SY5Y,24 h,DMSO,0.1,%,0.10%,Thapsi,1,µM,1 µM,,,,
70117_20230118MM1_P1a,430418_430419,M23,SH-SY5Y,24 h,DMSO,0.1,%,0.10%,Thapsi,1,µM,1 µM,,,,
70117_20230118MM1_P1a,430418_430419,E24,SH-SY5Y,24 h,DMSO,0.1,%,0.10%,Thapsi,1,µM,1 µM,,,,
70117_20230118MM1_P1a,430418_430419,A1,SH-SY5Y,24 h,DMSO,0.1,%,0.10%,LPS,10,µg/ml,10 µg/ml,,,,
70117_20230118MM1_P1a,430418_430419,I1,SH-SY5Y,24 h,DMSO,0.1,%,0.10%,LPS,10,µg/ml,10 µg/ml,,,,
70117_20230118MM1_P1a,430418_430419,A2,SH-SY5Y,24 h,DMSO,0.1,%,0.10%,LPS,10,µg/ml,10 µg/ml,,,,
70117_20230118MM1_P1a,430418_430419,I2,SH-SY5Y,24 h,DMSO,0.1,%,0.10%,LPS,10,µg/ml,10 µg/ml,,,,
70117_20230118MM1_P1a,430418_430419,A3,SH-SY5Y,24 h,DMSO,0.1,%,0.10%,LPS,10,µg/ml,10 µg/ml,,,,
70117_20230118MM1_P1a,430418_430419,I3,SH-SY5Y,24 h,DMSO,0.1,%,0.10%,LPS,10,µg/ml,10 µg/ml,,,,
70117_20230118MM1_P1a,430418_430419,A4,SH-SY5Y,24 h,DMSO,0.1,%,0.10%,LPS,10,µg/ml,10 µg/ml,,,,
70117_20230118MM1_P1a,430418_430419,I4,SH-SY5Y,24 h,DMSO,0.1,%,0.10%,LPS,10,µg/ml,10 µg/ml,,,,
70117_20230118MM1_P1a,430418_430419,A5,SH-SY5Y,24 h,DMSO,0.1,%,0.10%,LPS,10,µg/ml,10 µg/ml,,,,
70117_20230118MM1_P1a,430418_430419,I5,SH-SY5Y,24 h,DMSO,0.1,%,0.10%,LPS,10,µg/ml,10 µg/ml,,,,
70117_20230118MM1_P1a,430418_430419,A6,SH-SY5Y,24 h,DMSO,0.1,%,0.10%,LPS,10,µg/ml,10 µg/ml,,,,
70117_20230118MM1_P1a,430418_430419,I6,SH-SY5Y,24 h,DMSO,0.1,%,0.10%,LPS,10,µg/ml,10 µg/ml,,,,
70117_20230118MM1_P1a,430418_430419,A13,SH-SY5Y,24 h,DMSO,0.1,%,0.10%,LPS,10,µg/ml,10 µg/ml,,,,
70117_20230118MM1_P1a,430418_430419,E14,SH-SY5Y,24 h,DMSO,0.1,%,0.10%,LPS,10,µg/ml,10 µg/ml,,,,
70117_20230118MM1_P1a,430418_430419,O15,SH-SY5Y,24 h,DMSO,0.1,%,0.10%,LPS,10,µg/ml,10 µg/ml,,,,
70117_20230118MM1_P1a,430418_430419,L16,SH-SY5Y,24 h,DMSO,0.1,%,0.10%,LPS,10,µg/ml,10 µg/ml,,,,
70117_20230118MM1_P1a,430418_430419,H17,SH-SY5Y,24 h,DMSO,0.1,%,0.10%,LPS,10,µg/ml,10 µg/ml,,,,
70117_20230118MM1_P1a,430418_430419,P18,SH-SY5Y,24 h,DMSO,0.1,%,0.10%,LPS,10,µg/ml,10 µg/ml,,,,
70117_20230118MM1_P1a,430418_430419,A19,SH-SY5Y,24 h,DMSO,0.1,%,0.10%,LPS,10,µg/ml,10 µg/ml,,,,
70117_20230118MM1_P1a,430418_430419,E20,SH-SY5Y,24 h,DMSO,0.1,%,0.10%,LPS,10,µg/ml,10 µg/ml,,,,
70117_20230118MM1_P1a,430418_430419,O21,SH-SY5Y,24 h,DMSO,0.1,%,0.10%,LPS,10,µg/ml,10 µg/ml,,,,
70117_20230118MM1_P1a,430418_430419,L22,SH-SY5Y,24 h,DMSO,0.1,%,0.10%,LPS,10,µg/ml,10 µg/ml,,,,
70117_20230118MM1_P1a,430418_430419,H23,SH-SY5Y,24 h,DMSO,0.1,%,0.10%,LPS,10,µg/ml,10 µg/ml,,,,
70117_20230118MM1_P1a,430418_430419,P24,SH-SY5Y,24 h,DMSO,0.1,%,0.10%,LPS,10,µg/ml,10 µg/ml,,,,
70117_20230118MM1_P1a,430418_430419,C7,SH-SY5Y,24 h,DMSO,0.1,%,0.10%,Thapsi,10,µM,10 µM,,,,
70117_20230118MM1_P1a,430418_430419,K7,SH-SY5Y,24 h,DMSO,0.1,%,0.10%,Thapsi,10,µM,10 µM,,,,
70117_20230118MM1_P1a,430418_430419,C8,SH-SY5Y,24 h,DMSO,0.1,%,0.10%,Thapsi,10,µM,10 µM,,,,
70117_20230118MM1_P1a,430418_430419,K8,SH-SY5Y,24 h,DMSO,0.1,%,0.10%,Thapsi,10,µM,10 µM,,,,
70117_20230118MM1_P1a,430418_430419,C9,SH-SY5Y,24 h,DMSO,0.1,%,0.10%,Thapsi,10,µM,10 µM,,,,
70117_20230118MM1_P1a,430418_430419,K9,SH-SY5Y,24 h,DMSO,0.1,%,0.10%,Thapsi,10,µM,10 µM,,,,
70117_20230118MM1_P1a,430418_430419,C10,SH-SY5Y,24 h,DMSO,0.1,%,0.10%,Thapsi,10,µM,10 µM,,,,
70117_20230118MM1_P1a,430418_430419,K10,SH-SY5Y,24 h,DMSO,0.1,%,0.10%,Thapsi,10,µM,10 µM,,,,
70117_20230118MM1_P1a,430418_430419,C11,SH-SY5Y,24 h,DMSO,0.1,%,0.10%,Thapsi,10,µM,10 µM,,,,
70117_20230118MM1_P1a,430418_430419,K11,SH-SY5Y,24 h,DMSO,0.1,%,0.10%,Thapsi,10,µM,10 µM,,,,
70117_20230118MM1_P1a,430418_430419,C12,SH-SY5Y,24 h,DMSO,0.1,%,0.10%,Thapsi,10,µM,10 µM,,,,
70117_20230118MM1_P1a,430418_430419,K12,SH-SY5Y,24 h,DMSO,0.1,%,0.10%,Thapsi,10,µM,10 µM,,,,
70117_20230118MM1_P1a,430418_430419,F13,SH-SY5Y,24 h,DMSO,0.1,%,0.10%,Thapsi,10,µM,10 µM,,,,
70117_20230118MM1_P1a,430418_430419,J14,SH-SY5Y,24 h,DMSO,0.1,%,0.10%,Thapsi,10,µM,10 µM,,,,
70117_20230118MM1_P1a,430418_430419,L15,SH-SY5Y,24 h,DMSO,0.1,%,0.10%,Thapsi,10,µM,10 µM,,,,
70117_20230118MM1_P1a,430418_430419,G16,SH-SY5Y,24 h,DMSO,0.1,%,0.10%,Thapsi,10,µM,10 µM,,,,
70117_20230118MM1_P1a,430418_430419,N17,SH-SY5Y,24 h,DMSO,0.1,%,0.10%,Thapsi,10,µM,10 µM,,,,
70117_20230118MM1_P1a,430418_430419,F18,SH-SY5Y,24 h,DMSO,0.1,%,0.10%,Thapsi,10,µM,10 µM,,,,
70117_20230118MM1_P1a,430418_430419,F19,SH-SY5Y,24 h,DMSO,0.1,%,0.10%,Thapsi,10,µM,10 µM,,,,
70117_20230118MM1_P1a,430418_430419,J20,SH-SY5Y,24 h,DMSO,0.1,%,0.10%,Thapsi,10,µM,10 µM,,,,
70117_20230118MM1_P1a,430418_430419,L21,SH-SY5Y,24 h,DMSO,0.1,%,0.10%,Thapsi,10,µM,10 µM,,,,
70117_20230118MM1_P1a,430418_430419,G22,SH-SY5Y,24 h,DMSO,0.1,%,0.10%,Thapsi,10,µM,10 µM,,,,
70117_20230118MM1_P1a,430418_430419,N23,SH-SY5Y,24 h,DMSO,0.1,%,0.10%,Thapsi,10,µM,10 µM,,,,
70117_20230118MM1_P1a,430418_430419,F24,SH-SY5Y,24 h,DMSO,0.1,%,0.10%,Thapsi,10,µM,10 µM,,,,
70117_20230118MM1_P1a,430418_430419,A7,SH-SY5Y,24 h,DMSO,0.1,%,0.10%,Disulfiram,2.5,µM,2.5 µM,,,,
70117_20230118MM1_P1a,430418_430419,I7,SH-SY5Y,24 h,DMSO,0.1,%,0.10%,Disulfiram,2.5,µM,2.5 µM,,,,
70117_20230118MM1_P1a,430418_430419,A8,SH-SY5Y,24 h,DMSO,0.1,%,0.10%,Disulfiram,2.5,µM,2.5 µM,,,,
70117_20230118MM1_P1a,430418_430419,I8,SH-SY5Y,24 h,DMSO,0.1,%,0.10%,Disulfiram,2.5,µM,2.5 µM,,,,
70117_20230118MM1_P1a,430418_430419,A9,SH-SY5Y,24 h,DMSO,0.1,%,0.10%,Disulfiram,2.5,µM,2.5 µM,,,,
70117_20230118MM1_P1a,430418_430419,I9,SH-SY5Y,24 h,DMSO,0.1,%,0.10%,Disulfiram,2.5,µM,2.5 µM,,,,
70117_20230118MM1_P1a,430418_430419,A10,SH-SY5Y,24 h,DMSO,0.1,%,0.10%,Disulfiram,2.5,µM,2.5 µM,,,,
70117_20230118MM1_P1a,430418_430419,I10,SH-SY5Y,24 h,DMSO,0.1,%,0.10%,Disulfiram,2.5,µM,2.5 µM,,,,
70117_20230118MM1_P1a,430418_430419,A11,SH-SY5Y,24 h,DMSO,0.1,%,0.10%,Disulfiram,2.5,µM,2.5 µM,,,,
70117_20230118MM1_P1a,430418_430419,I11,SH-SY5Y,24 h,DMSO,0.1,%,0.10%,Disulfiram,2.5,µM,2.5 µM,,,,
70117_20230118MM1_P1a,430418_430419,A12,SH-SY5Y,24 h,DMSO,0.1,%,0.10%,Disulfiram,2.5,µM,2.5 µM,,,,
70117_20230118MM1_P1a,430418_430419,I12,SH-SY5Y,24 h,DMSO,0.1,%,0.10%,Disulfiram,2.5,µM,2.5 µM,,,,
70117_20230118MM1_P1a,430418_430419,B13,SH-SY5Y,24 h,DMSO,0.1,%,0.10%,Disulfiram,2.5,µM,2.5 µM,,,,
70117_20230118MM1_P1a,430418_430419,F14,SH-SY5Y,24 h,DMSO,0.1,%,0.10%,Disulfiram,2.5,µM,2.5 µM,,,,
70117_20230118MM1_P1a,430418_430419,P15,SH-SY5Y,24 h,DMSO,0.1,%,0.10%,Disulfiram,2.5,µM,2.5 µM,,,,
70117_20230118MM1_P1a,430418_430419,K16,SH-SY5Y,24 h,DMSO,0.1,%,0.10%,Disulfiram,2.5,µM,2.5 µM,,,,
70117_20230118MM1_P1a,430418_430419,P17,SH-SY5Y,24 h,DMSO,0.1,%,0.10%,Disulfiram,2.5,µM,2.5 µM,,,,
70117_20230118MM1_P1a,430418_430419,H18,SH-SY5Y,24 h,DMSO,0.1,%,0.10%,Disulfiram,2.5,µM,2.5 µM,,,,
70117_20230118MM1_P1a,430418_430419,B19,SH-SY5Y,24 h,DMSO,0.1,%,0.10%,Disulfiram,2.5,µM,2.5 µM,,,,
70117_20230118MM1_P1a,430418_430419,F20,SH-SY5Y,24 h,DMSO,0.1,%,0.10%,Disulfiram,2.5,µM,2.5 µM,,,,
70117_20230118MM1_P1a,430418_430419,P21,SH-SY5Y,24 h,DMSO,0.1,%,0.10%,Disulfiram,2.5,µM,2.5 µM,,,,
70117_20230118MM1_P1a,430418_430419,K22,SH-SY5Y,24 h,DMSO,0.1,%,0.10%,Disulfiram,2.5,µM,2.5 µM,,,,
70117_20230118MM1_P1a,430418_430419,P23,SH-SY5Y,24 h,DMSO,0.1,%,0.10%,Disulfiram,2.5,µM,2.5 µM,,,,
70117_20230118MM1_P1a,430418_430419,H24,SH-SY5Y,24 h,DMSO,0.1,%,0.10%,Disulfiram,2.5,µM,2.5 µM,,,,
70117_20230118MM1_P1a,430418_430419,D1,SH-SY5Y,24 h,DMSO,0.1,%,0.10%,H2O2,50,µM,50 µM,,,,
70117_20230118MM1_P1a,430418_430419,L1,SH-SY5Y,24 h,DMSO,0.1,%,0.10%,H2O2,50,µM,50 µM,,,,
70117_20230118MM1_P1a,430418_430419,D2,SH-SY5Y,24 h,DMSO,0.1,%,0.10%,H2O2,50,µM,50 µM,,,,
70117_20230118MM1_P1a,430418_430419,L2,SH-SY5Y,24 h,DMSO,0.1,%,0.10%,H2O2,50,µM,50 µM,,,,
70117_20230118MM1_P1a,430418_430419,D3,SH-SY5Y,24 h,DMSO,0.1,%,0.10%,H2O2,50,µM,50 µM,,,,
70117_20230118MM1_P1a,430418_430419,L3,SH-SY5Y,24 h,DMSO,0.1,%,0.10%,H2O2,50,µM,50 µM,,,,
70117_20230118MM1_P1a,430418_430419,D4,SH-SY5Y,24 h,DMSO,0.1,%,0.10%,H2O2,50,µM,50 µM,,,,
70117_20230118MM1_P1a,430418_430419,L4,SH-SY5Y,24 h,DMSO,0.1,%,0.10%,H2O2,50,µM,50 µM,,,,
70117_20230118MM1_P1a,430418_430419,D5,SH-SY5Y,24 h,DMSO,0.1,%,0.10%,H2O2,50,µM,50 µM,,,,
70117_20230118MM1_P1a,430418_430419,L5,SH-SY5Y,24 h,DMSO,0.1,%,0.10%,H2O2,50,µM,50 µM,,,,
70117_20230118MM1_P1a,430418_430419,D6,SH-SY5Y,24 h,DMSO,0.1,%,0.10%,H2O2,50,µM,50 µM,,,,
70117_20230118MM1_P1a,430418_430419,L6,SH-SY5Y,24 h,DMSO,0.1,%,0.10%,H2O2,50,µM,50 µM,,,,
70117_20230118MM1_P1a,430418_430419,G13,SH-SY5Y,24 h,DMSO,0.1,%,0.10%,H2O2,50,µM,50 µM,,,,
70117_20230118MM1_P1a,430418_430419,K14,SH-SY5Y,24 h,DMSO,0.1,%,0.10%,H2O2,50,µM,50 µM,,,,
70117_20230118MM1_P1a,430418_430419,I15,SH-SY5Y,24 h,DMSO,0.1,%,0.10%,H2O2,50,µM,50 µM,,,,
70117_20230118MM1_P1a,430418_430419,F16,SH-SY5Y,24 h,DMSO,0.1,%,0.10%,H2O2,50,µM,50 µM,,,,
70117_20230118MM1_P1a,430418_430419,E17,SH-SY5Y,24 h,DMSO,0.1,%,0.10%,H2O2,50,µM,50 µM,,,,
70117_20230118MM1_P1a,430418_430419,M18,SH-SY5Y,24 h,DMSO,0.1,%,0.10%,H2O2,50,µM,50 µM,,,,
70117_20230118MM1_P1a,430418_430419,G19,SH-SY5Y,24 h,DMSO,0.1,%,0.10%,H2O2,50,µM,50 µM,,,,
70117_20230118MM1_P1a,430418_430419,K20,SH-SY5Y,24 h,DMSO,0.1,%,0.10%,H2O2,50,µM,50 µM,,,,
70117_20230118MM1_P1a,430418_430419,I21,SH-SY5Y,24 h,DMSO,0.1,%,0.10%,H2O2,50,µM,50 µM,,,,
70117_20230118MM1_P1a,430418_430419,F22,SH-SY5Y,24 h,DMSO,0.1,%,0.10%,H2O2,50,µM,50 µM,,,,
70117_20230118MM1_P1a,430418_430419,E23,SH-SY5Y,24 h,DMSO,0.1,%,0.10%,H2O2,50,µM,50 µM,,,,
70117_20230118MM1_P1a,430418_430419,M24,SH-SY5Y,24 h,DMSO,0.1,%,0.10%,H2O2,50,µM,50 µM,,,,
70117_20230118MM1_P1a,430418_430419,C1,SH-SY5Y,24 h,DMSO,0.1,%,0.10%,H2O2,500,µM,500 µM,,,,
70117_20230118MM1_P1a,430418_430419,K1,SH-SY5Y,24 h,DMSO,0.1,%,0.10%,H2O2,500,µM,500 µM,,,,
70117_20230118MM1_P1a,430418_430419,C2,SH-SY5Y,24 h,DMSO,0.1,%,0.10%,H2O2,500,µM,500 µM,,,,
70117_20230118MM1_P1a,430418_430419,K2,SH-SY5Y,24 h,DMSO,0.1,%,0.10%,H2O2,500,µM,500 µM,,,,
70117_20230118MM1_P1a,430418_430419,C3,SH-SY5Y,24 h,DMSO,0.1,%,0.10%,H2O2,500,µM,500 µM,,,,
70117_20230118MM1_P1a,430418_430419,K3,SH-SY5Y,24 h,DMSO,0.1,%,0.10%,H2O2,500,µM,500 µM,,,,
70117_20230118MM1_P1a,430418_430419,C4,SH-SY5Y,24 h,DMSO,0.1,%,0.10%,H2O2,500,µM,500 µM,,,,
70117_20230118MM1_P1a,430418_430419,K4,SH-SY5Y,24 h,DMSO,0.1,%,0.10%,H2O2,500,µM,500 µM,,,,
70117_20230118MM1_P1a,430418_430419,C5,SH-SY5Y,24 h,DMSO,0.1,%,0.10%,H2O2,500,µM,500 µM,,,,
70117_20230118MM1_P1a,430418_430419,K5,SH-SY5Y,24 h,DMSO,0.1,%,0.10%,H2O2,500,µM,500 µM,,,,
70117_20230118MM1_P1a,430418_430419,C6,SH-SY5Y,24 h,DMSO,0.1,%,0.10%,H2O2,500,µM,500 µM,,,,
70117_20230118MM1_P1a,430418_430419,K6,SH-SY5Y,24 h,DMSO,0.1,%,0.10%,H2O2,500,µM,500 µM,,,,
70117_20230118MM1_P1a,430418_430419,E13,SH-SY5Y,24 h,DMSO,0.1,%,0.10%,H2O2,500,µM,500 µM,,,,
70117_20230118MM1_P1a,430418_430419,I14,SH-SY5Y,24 h,DMSO,0.1,%,0.10%,H2O2,500,µM,500 µM,,,,
70117_20230118MM1_P1a,430418_430419,K15,SH-SY5Y,24 h,DMSO,0.1,%,0.10%,H2O2,500,µM,500 µM,,,,
70117_20230118MM1_P1a,430418_430419,H16,SH-SY5Y,24 h,DMSO,0.1,%,0.10%,H2O2,500,µM,500 µM,,,,
70117_20230118MM1_P1a,430418_430419,F17,SH-SY5Y,24 h,DMSO,0.1,%,0.10%,H2O2,500,µM,500 µM,,,,
70117_20230118MM1_P1a,430418_430419,N18,SH-SY5Y,24 h,DMSO,0.1,%,0.10%,H2O2,500,µM,500 µM,,,,
70117_20230118MM1_P1a,430418_430419,E19,SH-SY5Y,24 h,DMSO,0.1,%,0.10%,H2O2,500,µM,500 µM,,,,
70117_20230118MM1_P1a,430418_430419,I20,SH-SY5Y,24 h,DMSO,0.1,%,0.10%,H2O2,500,µM,500 µM,,,,
70117_20230118MM1_P1a,430418_430419,K21,SH-SY5Y,24 h,DMSO,0.1,%,0.10%,H2O2,500,µM,500 µM,,,,
70117_20230118MM1_P1a,430418_430419,H22,SH-SY5Y,24 h,DMSO,0.1,%,0.10%,H2O2,500,µM,500 µM,,,,
70117_20230118MM1_P1a,430418_430419,F23,SH-SY5Y,24 h,DMSO,0.1,%,0.10%,H2O2,500,µM,500 µM,,,,
70117_20230118MM1_P1a,430418_430419,N24,SH-SY5Y,24 h,DMSO,0.1,%,0.10%,H2O2,500,µM,500 µM,,,,
70117_20230118MM1_P1a,430418_430419,H7,SH-SY5Y,24 h,DMSO,0.1,%,0.10%,Media ctr,,,,,,,
70117_20230118MM1_P1a,430418_430419,P7,SH-SY5Y,24 h,DMSO,0.1,%,0.10%,Media ctr,,,,,,,
70117_20230118MM1_P1a,430418_430419,H8,SH-SY5Y,24 h,DMSO,0.1,%,0.10%,Media ctr,,,,,,,
70117_20230118MM1_P1a,430418_430419,P8,SH-SY5Y,24 h,DMSO,0.1,%,0.10%,Media ctr,,,,,,,
70117_20230118MM1_P1a,430418_430419,H9,SH-SY5Y,24 h,DMSO,0.1,%,0.10%,Media ctr,,,,,,,
70117_20230118MM1_P1a,430418_430419,P9,SH-SY5Y,24 h,DMSO,0.1,%,0.10%,Media ctr,,,,,,,
70117_20230118MM1_P1a,430418_430419,H10,SH-SY5Y,24 h,DMSO,0.1,%,0.10%,Media ctr,,,,,,,
70117_20230118MM1_P1a,430418_430419,P10,SH-SY5Y,24 h,DMSO,0.1,%,0.10%,Media ctr,,,,,,,
70117_20230118MM1_P1a,430418_430419,H11,SH-SY5Y,24 h,DMSO,0.1,%,0.10%,Media,,,,,,,
70117_20230118MM1_P1a,430418_430419,P11,SH-SY5Y,24 h,DMSO,0.1,%,0.10%,Media ctr,,,,,,,
70117_20230118MM1_P1a,430418_430419,H12,SH-SY5Y,24 h,DMSO,0.1,%,0.10%,Media ctr,,,,,,,
70117_20230118MM1_P1a,430418_430419,P12,SH-SY5Y,24 h,DMSO,0.1,%,0.10%,Media ctr,,,,,,,
70117_20230118MM1_P1a,430418_430419,P13,SH-SY5Y,24 h,DMSO,0.1,%,0.10%,Media ctr,,,,,,,
70117_20230118MM1_P1a,430418_430419,D14,SH-SY5Y,24 h,DMSO,0.1,%,0.10%,Media ctr,,,,,,,
70117_20230118MM1_P1a,430418_430419,B15,SH-SY5Y,24 h,DMSO,0.1,%,0.10%,Media ctr,,,,,,,
70117_20230118MM1_P1a,430418_430419,M16,SH-SY5Y,24 h,DMSO,0.1,%,0.10%,Media ctr,,,,,,,
70117_20230118MM1_P1a,430418_430419,I17,SH-SY5Y,24 h,DMSO,0.1,%,0.10%,Media ctr,,,,,,,
70117_20230118MM1_P1a,430418_430419,A18,SH-SY5Y,24 h,DMSO,0.1,%,0.10%,Media ctr,,,,,,,
70117_20230118MM1_P1a,430418_430419,P19,SH-SY5Y,24 h,DMSO,0.1,%,0.10%,Media ctr,,,,,,,
70117_20230118MM1_P1a,430418_430419,D20,SH-SY5Y,24 h,DMSO,0.1,%,0.10%,Media ctr,,,,,,,
70117_20230118MM1_P1a,430418_430419,B21,SH-SY5Y,24 h,DMSO,0.1,%,0.10%,Media ctr,,,,,,,
70117_20230118MM1_P1a,430418_430419,M22,SH-SY5Y,24 h,DMSO,0.1,%,0.10%,Media ctr,,,,,,,
70117_20230118MM1_P1a,430418_430419,I23,SH-SY5Y,24 h,DMSO,0.1,%,0.10%,Media ctr,,,,,,,
70117_20230118MM1_P1a,430418_430419,A24,SH-SY5Y,24 h,DMSO,0.1,%,0.10%,Media ctr,,,,,,,
