Unnamed: 0,group1,group2,meandiff,lower,upper,reject,p-adj,cytokine,group,-log10(p-adj),significant,apoptotic,pyroptotic,apoptotic_vs_pyroptotic,consensus
0,apoptosis,healthy,0.0407,-0.256,0.3374,False,0.8458,AITRL (GITR Ligand) [NSU],apoptosis_healthy,0.0727323191891184,False,False,False,False,none
1,apoptosis,pyroptosis,0.0757,-0.223,0.3744,False,0.5658,AITRL (GITR Ligand) [NSU],apoptosis_pyroptosis,0.247337056879028,False,False,False,False,none
2,healthy,pyroptosis,0.035,-0.0976,0.1676,False,0.5388,AITRL (GITR Ligand) [NSU],healthy_pyroptosis,0.268572412949052,False,False,False,False,none
0,apoptosis,healthy,-0.0392,-0.3013,0.2228,False,0.8191,APRIL [NSU],apoptosis_healthy,0.0866630740673767,False,False,False,False,none
1,apoptosis,pyroptosis,-0.1431,-0.4069,0.1207,False,0.0777,APRIL [NSU],apoptosis_pyroptosis,1.1095789811990855,False,False,False,False,none
2,healthy,pyroptosis,-0.1039,-0.221,0.0132,False,0.0014,APRIL [NSU],healthy_pyroptosis,2.853871964321762,True,False,True,False,pyroptotic
0,apoptosis,healthy,-0.0453,-0.3933,0.3027,False,0.86,Activin A [NSU],apoptosis_healthy,0.0655015487564322,False,False,False,False,none
1,apoptosis,pyroptosis,0.2454,-0.1049,0.5958,False,0.0151,Activin A [NSU],apoptosis_pyroptosis,1.8210230527068303,True,False,False,True,apoptotic_vs_pyroptotic
2,healthy,pyroptosis,0.2907,0.1352,0.4463,True,0.0,Activin A [NSU],healthy_pyroptosis,4.0,True,False,True,False,pyroptotic
0,apoptosis,healthy,-0.3826,-0.6358,-0.1293,True,0.0,Amphiregulin [NSU],apoptosis_healthy,4.0,True,True,False,False,apoptotic
1,apoptosis,pyroptosis,0.0106,-0.2444,0.2655,False,0.9848,Amphiregulin [NSU],apoptosis_pyroptosis,0.0066519600767401,False,False,False,False,none
2,healthy,pyroptosis,0.3931,0.28,0.5063,True,0.0,Amphiregulin [NSU],healthy_pyroptosis,4.0,True,False,True,False,pyroptotic
0,apoptosis,healthy,-0.0022,-0.2698,0.2653,False,0.9994,Amyloid beta [NSU],apoptosis_healthy,0.0002606548934319,False,False,False,False,none
1,apoptosis,pyroptosis,0.0119,-0.2575,0.2813,False,0.9828,Amyloid beta [NSU],apoptosis_pyroptosis,0.0075348521919566,False,False,False,False,none
2,healthy,pyroptosis,0.0141,-0.1055,0.1337,False,0.8836,Amyloid beta [NSU],healthy_pyroptosis,0.0537442928006026,False,False,False,False,none
0,apoptosis,healthy,0.0397,-0.2355,0.315,False,0.8307,BAFF [NSU],apoptosis_healthy,0.080555789534763,False,False,False,False,none
1,apoptosis,pyroptosis,0.0158,-0.2613,0.2929,False,0.9715,BAFF [NSU],apoptosis_pyroptosis,0.0125571950641986,False,False,False,False,none
2,healthy,pyroptosis,-0.024,-0.147,0.099,False,0.7139,BAFF [NSU],healthy_pyroptosis,0.1463626180414057,False,False,False,False,none
0,apoptosis,healthy,0.0005,-0.2501,0.251,False,1.0,BCMA (TNFRSF17) [NSU],apoptosis_healthy,-0.0,False,False,False,False,none
1,apoptosis,pyroptosis,-0.1078,-0.36,0.1444,False,0.2016,BCMA (TNFRSF17) [NSU],apoptosis_pyroptosis,0.6955094722265123,False,False,False,False,none
2,healthy,pyroptosis,-0.1083,-0.2202,0.0037,False,0.0004,BCMA (TNFRSF17) [NSU],healthy_pyroptosis,3.397940008672037,True,False,True,False,pyroptotic
0,apoptosis,healthy,0.0537,-0.1941,0.3015,False,0.6594,BDNF [NSU],apoptosis_healthy,0.1808510571928658,False,False,False,False,none
1,apoptosis,pyroptosis,0.1081,-0.1414,0.3576,False,0.1928,BDNF [NSU],apoptosis_pyroptosis,0.714892970433188,False,False,False,False,none
2,healthy,pyroptosis,0.0545,-0.0563,0.1652,False,0.1213,BDNF [NSU],healthy_pyroptosis,0.916139199133427,False,False,False,False,none
0,apoptosis,healthy,0.041,-0.2068,0.2889,False,0.7837,BMP2 [NSU],apoptosis_healthy,0.1058501532320779,False,False,False,False,none
1,apoptosis,pyroptosis,0.0282,-0.2213,0.2777,False,0.8925,BMP2 [NSU],apoptosis_pyroptosis,0.0493917752157692,False,False,False,False,none
2,healthy,pyroptosis,-0.0128,-0.1236,0.0979,False,0.8873,BMP2 [NSU],healthy_pyroptosis,0.0519295184810588,False,False,False,False,none
0,apoptosis,healthy,0.0787,-0.1819,0.3394,False,0.4464,BMP3 [NSU],apoptosis_healthy,0.3502758140704776,False,False,False,False,none
1,apoptosis,pyroptosis,0.0728,-0.1896,0.3353,False,0.5058,BMP3 [NSU],apoptosis_pyroptosis,0.296021174991614,False,False,False,False,none
2,healthy,pyroptosis,-0.0059,-0.1224,0.1106,False,0.9774,BMP3 [NSU],healthy_pyroptosis,0.0099276653078469,False,False,False,False,none
0,apoptosis,healthy,0.0028,-0.2069,0.2126,False,0.9984,BMP4 [NSU],apoptosis_healthy,0.0006954276616512,False,False,False,False,none
1,apoptosis,pyroptosis,-0.0592,-0.2703,0.152,False,0.4991,BMP4 [NSU],apoptosis_pyroptosis,0.3018124301338776,False,False,False,False,none
2,healthy,pyroptosis,-0.062,-0.1558,0.0317,False,0.0234,BMP4 [NSU],healthy_pyroptosis,1.630784142589857,True,False,True,False,pyroptotic
0,apoptosis,healthy,-0.0734,-0.3843,0.2376,False,0.6104,BMP6 [NSU],apoptosis_healthy,0.2143854750531759,False,False,False,False,none
1,apoptosis,pyroptosis,-0.115,-0.4281,0.1981,False,0.305,BMP6 [NSU],apoptosis_pyroptosis,0.5157001606532141,False,False,False,False,none
2,healthy,pyroptosis,-0.0416,-0.1806,0.0974,False,0.4526,BMP6 [NSU],healthy_pyroptosis,0.3442854503812902,False,False,False,False,none
0,apoptosis,healthy,-0.0494,-0.3219,0.2231,False,0.7469,BMP7 [NSU],apoptosis_healthy,0.1267375405612732,False,False,False,False,none
1,apoptosis,pyroptosis,-0.0289,-0.3033,0.2455,False,0.9061,BMP7 [NSU],apoptosis_pyroptosis,0.0428238695951538,False,False,False,False,none
2,healthy,pyroptosis,0.0205,-0.1013,0.1423,False,0.7771,BMP7 [NSU],healthy_pyroptosis,0.1095230910398292,False,False,False,False,none
0,apoptosis,healthy,0.0965,-0.1585,0.3516,False,0.2835,BMP9 [NSU],apoptosis_healthy,0.5474469367710747,False,False,False,False,none
1,apoptosis,pyroptosis,0.0772,-0.1796,0.334,False,0.4493,BMP9 [NSU],apoptosis_pyroptosis,0.3474635814069746,False,False,False,False,none
2,healthy,pyroptosis,-0.0193,-0.1333,0.0947,False,0.7753,BMP9 [NSU],healthy_pyroptosis,0.1105302160304925,False,False,False,False,none
0,apoptosis,healthy,-0.019,-0.1938,0.1558,False,0.9004,C5_C5a [NSU],apoptosis_healthy,0.0455645136715176,False,False,False,False,none
1,apoptosis,pyroptosis,-0.0574,-0.2334,0.1186,False,0.3909,C5_C5a [NSU],apoptosis_pyroptosis,0.4079343295677528,False,False,False,False,none
2,healthy,pyroptosis,-0.0384,-0.1166,0.0397,False,0.1211,C5_C5a [NSU],healthy_pyroptosis,0.9168558568569476,False,False,False,False,none
0,apoptosis,healthy,-0.4845,-0.6192,-0.3498,True,0.0,CCL1 [NSU],apoptosis_healthy,4.0,True,True,False,False,apoptotic
1,apoptosis,pyroptosis,-0.4732,-0.6088,-0.3375,True,0.0,CCL1 [NSU],apoptosis_pyroptosis,4.0,True,False,False,True,apoptotic_vs_pyroptotic
2,healthy,pyroptosis,0.0113,-0.0489,0.0715,False,0.7313,CCL1 [NSU],healthy_pyroptosis,0.1359044265757525,False,False,False,False,none
0,apoptosis,healthy,-0.0099,-0.2739,0.2542,False,0.9876,CCL11 [NSU],apoptosis_healthy,0.0054189187401053,False,False,False,False,none
1,apoptosis,pyroptosis,-0.0119,-0.2778,0.2539,False,0.9822,CCL11 [NSU],apoptosis_pyroptosis,0.0078000702044149,False,False,False,False,none
2,healthy,pyroptosis,-0.0021,-0.1201,0.1159,False,0.9973,CCL11 [NSU],healthy_pyroptosis,0.0011741809597139,False,False,False,False,none
0,apoptosis,healthy,-0.4037,-0.5464,-0.2609,True,0.0,CCL13 [NSU],apoptosis_healthy,4.0,True,True,False,False,apoptotic
1,apoptosis,pyroptosis,-0.4132,-0.557,-0.2694,True,0.0,CCL13 [NSU],apoptosis_pyroptosis,4.0,True,False,False,True,apoptotic_vs_pyroptotic
2,healthy,pyroptosis,-0.0095,-0.0733,0.0543,False,0.8198,CCL13 [NSU],healthy_pyroptosis,0.086292086019517,False,False,False,False,none
0,apoptosis,healthy,0.0084,-0.2797,0.2965,False,0.9925,CCL15 [NSU],apoptosis_healthy,0.0032694845648473,False,False,False,False,none
1,apoptosis,pyroptosis,0.0609,-0.2292,0.3509,False,0.6765,CCL15 [NSU],apoptosis_pyroptosis,0.1697321990663582,False,False,False,False,none
2,healthy,pyroptosis,0.0525,-0.0763,0.1812,False,0.2327,CCL15 [NSU],healthy_pyroptosis,0.6332036167132701,False,False,False,False,none
0,apoptosis,healthy,-0.0176,-0.3144,0.2792,False,0.9691,CCL16 [NSU],apoptosis_healthy,0.013631406429727,False,False,False,False,none
1,apoptosis,pyroptosis,0.1247,-0.1742,0.4235,False,0.2171,CCL16 [NSU],apoptosis_pyroptosis,0.66334017654558,False,False,False,False,none
2,healthy,pyroptosis,0.1423,0.0096,0.2749,True,0.0001,CCL16 [NSU],healthy_pyroptosis,4.0,True,False,True,False,pyroptotic
0,apoptosis,healthy,-0.08,-0.3338,0.1739,False,0.4163,CCL17 [NSU],apoptosis_healthy,0.3805935891132226,False,False,False,False,none
1,apoptosis,pyroptosis,-0.0801,-0.3358,0.1755,False,0.4195,CCL17 [NSU],apoptosis_pyroptosis,0.3772680348352809,False,False,False,False,none
2,healthy,pyroptosis,-0.0002,-0.1137,0.1133,False,1.0,CCL17 [NSU],healthy_pyroptosis,-0.0,False,False,False,False,none
0,apoptosis,healthy,-0.035,-0.2762,0.2061,False,0.8289,CCL18 [NSU],apoptosis_healthy,0.0814978603638262,False,False,False,False,none
1,apoptosis,pyroptosis,0.1338,-0.109,0.3766,False,0.0716,CCL18 [NSU],apoptosis_pyroptosis,1.1450869776921444,False,False,False,False,none
2,healthy,pyroptosis,0.1688,0.0611,0.2766,True,0.0,CCL18 [NSU],healthy_pyroptosis,4.0,True,False,True,False,pyroptotic
0,apoptosis,healthy,0.0072,-0.2603,0.2747,False,0.9936,CCL19 [NSU],apoptosis_healthy,0.002788417167495,False,False,False,False,none
1,apoptosis,pyroptosis,0.0903,-0.179,0.3597,False,0.3706,CCL19 [NSU],apoptosis_pyroptosis,0.4310945850171213,False,False,False,False,none
2,healthy,pyroptosis,0.0831,-0.0364,0.2027,False,0.016,CCL19 [NSU],healthy_pyroptosis,1.7958800173440752,True,False,True,False,pyroptotic
0,apoptosis,healthy,-0.2991,-0.7359,0.1376,False,0.018,CCL2 [NSU],apoptosis_healthy,1.744727494896694,True,True,False,False,apoptotic
1,apoptosis,pyroptosis,-0.1564,-0.5962,0.2833,False,0.3278,CCL2 [NSU],apoptosis_pyroptosis,0.4843910507655197,False,False,False,False,none
2,healthy,pyroptosis,0.1427,-0.0525,0.3379,False,0.0106,CCL2 [NSU],healthy_pyroptosis,1.9746941347352296,True,False,True,False,pyroptotic
0,apoptosis,healthy,0.0353,-0.3203,0.3909,False,0.9159,CCL20 [NSU],apoptosis_healthy,0.0381519409816757,False,False,False,False,none
1,apoptosis,pyroptosis,0.6079,0.2499,0.9659,True,0.0,CCL20 [NSU],apoptosis_pyroptosis,4.0,True,False,False,True,apoptotic_vs_pyroptotic
2,healthy,pyroptosis,0.5726,0.4137,0.7315,True,0.0,CCL20 [NSU],healthy_pyroptosis,4.0,True,False,True,False,pyroptotic
0,apoptosis,healthy,0.0627,-0.2167,0.342,False,0.6397,CCL21 [NSU],apoptosis_healthy,0.1940236492824373,False,False,False,False,none
1,apoptosis,pyroptosis,0.0732,-0.2081,0.3544,False,0.5489,CCL21 [NSU],apoptosis_pyroptosis,0.260506769218385,False,False,False,False,none
2,healthy,pyroptosis,0.0105,-0.1143,0.1353,False,0.9389,CCL21 [NSU],healthy_pyroptosis,0.0273806609403765,False,False,False,False,none
0,apoptosis,healthy,-0.61,-0.8695,-0.3506,True,0.0,CCL22 [NSU],apoptosis_healthy,4.0,True,True,False,False,apoptotic
1,apoptosis,pyroptosis,-0.5202,-0.7814,-0.2589,True,0.0,CCL22 [NSU],apoptosis_pyroptosis,4.0,True,False,False,True,apoptotic_vs_pyroptotic
2,healthy,pyroptosis,0.0899,-0.0261,0.2058,False,0.0062,CCL22 [NSU],healthy_pyroptosis,2.207608310501746,True,False,True,False,pyroptotic
0,apoptosis,healthy,0.0417,-0.214,0.2975,False,0.7891,CCL23 [NSU],apoptosis_healthy,0.1028679566179056,False,False,False,False,none
1,apoptosis,pyroptosis,0.0157,-0.2418,0.2732,False,0.9672,CCL23 [NSU],apoptosis_pyroptosis,0.0144837121472845,False,False,False,False,none
2,healthy,pyroptosis,-0.026,-0.1403,0.0883,False,0.632,CCL23 [NSU],healthy_pyroptosis,0.1992829217176149,False,False,False,False,none
0,apoptosis,healthy,-0.7776,-0.8848,-0.6704,True,0.0,CCL24 [NSU],apoptosis_healthy,4.0,True,True,False,False,apoptotic
1,apoptosis,pyroptosis,-0.8723,-0.9802,-0.7644,True,0.0,CCL24 [NSU],apoptosis_pyroptosis,4.0,True,False,False,True,apoptotic_vs_pyroptotic
2,healthy,pyroptosis,-0.0947,-0.1426,-0.0468,True,0.0,CCL24 [NSU],healthy_pyroptosis,4.0,True,False,True,False,pyroptotic
0,apoptosis,healthy,-0.0717,-0.368,0.2247,False,0.5953,CCL25 [NSU],apoptosis_healthy,0.2252641174482466,False,False,False,False,none
1,apoptosis,pyroptosis,-0.0572,-0.3555,0.2412,False,0.7216,CCL25 [NSU],apoptosis_pyroptosis,0.1417034754661146,False,False,False,False,none
2,healthy,pyroptosis,0.0145,-0.1179,0.1469,False,0.8987,CCL25 [NSU],healthy_pyroptosis,0.0463852583093594,False,False,False,False,none
0,apoptosis,healthy,0.0424,-0.1958,0.2806,False,0.7547,CCL27 [NSU],apoptosis_healthy,0.1222256500086018,False,False,False,False,none
1,apoptosis,pyroptosis,0.0514,-0.1885,0.2912,False,0.6654,CCL27 [NSU],apoptosis_pyroptosis,0.1769172034671963,False,False,False,False,none
2,healthy,pyroptosis,0.009,-0.0975,0.1155,False,0.9385,CCL27 [NSU],healthy_pyroptosis,0.0275657230426348,False,False,False,False,none
0,apoptosis,healthy,0.0887,-0.188,0.3654,False,0.4035,CCL28 [NSU],apoptosis_healthy,0.3941564609419107,False,False,False,False,none
1,apoptosis,pyroptosis,0.121,-0.1575,0.3996,False,0.1912,CCL28 [NSU],apoptosis_pyroptosis,0.7185121120599187,False,False,False,False,none
2,healthy,pyroptosis,0.0323,-0.0913,0.156,False,0.5454,CCL28 [NSU],healthy_pyroptosis,0.2632848663943889,False,False,False,False,none
0,apoptosis,healthy,-0.3712,-0.6363,-0.1062,True,0.0,CCL3 [NSU],apoptosis_healthy,4.0,True,True,False,False,apoptotic
1,apoptosis,pyroptosis,0.2927,0.0258,0.5595,True,0.0001,CCL3 [NSU],apoptosis_pyroptosis,4.0,True,False,False,True,apoptotic_vs_pyroptotic
2,healthy,pyroptosis,0.6639,0.5455,0.7824,True,0.0,CCL3 [NSU],healthy_pyroptosis,4.0,True,False,True,False,pyroptotic
0,apoptosis,healthy,-0.5209,-0.7614,-0.2804,True,0.0,CCL4 [NSU],apoptosis_healthy,4.0,True,True,False,False,apoptotic
1,apoptosis,pyroptosis,0.1422,-0.1,0.3843,False,0.0507,CCL4 [NSU],apoptosis_pyroptosis,1.294992040666664,False,False,False,False,none
2,healthy,pyroptosis,0.6631,0.5556,0.7706,True,0.0,CCL4 [NSU],healthy_pyroptosis,4.0,True,False,True,False,pyroptotic
0,apoptosis,healthy,-0.0825,-0.3127,0.1478,False,0.323,CCL5 [NSU],apoptosis_healthy,0.4907974776688971,False,False,False,False,none
1,apoptosis,pyroptosis,0.4959,0.264,0.7277,True,0.0,CCL5 [NSU],apoptosis_pyroptosis,4.0,True,False,False,True,apoptotic_vs_pyroptotic
2,healthy,pyroptosis,0.5783,0.4754,0.6812,True,0.0,CCL5 [NSU],healthy_pyroptosis,4.0,True,False,True,False,pyroptotic
0,apoptosis,healthy,-0.2448,-0.646,0.1565,False,0.0403,CCL7 [NSU],apoptosis_healthy,1.3946949538588904,True,True,False,False,apoptotic
1,apoptosis,pyroptosis,-0.1444,-0.5484,0.2596,False,0.3245,CCL7 [NSU],apoptosis_pyroptosis,0.488785298863612,False,False,False,False,none
2,healthy,pyroptosis,0.1004,-0.0789,0.2797,False,0.0659,CCL7 [NSU],healthy_pyroptosis,1.18111458540599,False,False,False,False,none
0,apoptosis,healthy,-0.344,-0.6831,-0.005,True,0.0002,CCL8 [NSU],apoptosis_healthy,3.6989700043360183,True,True,False,False,apoptotic
1,apoptosis,pyroptosis,-0.0767,-0.4181,0.2647,False,0.6388,CCL8 [NSU],apoptosis_pyroptosis,0.1946350925335546,False,False,False,False,none
2,healthy,pyroptosis,0.2673,0.1158,0.4188,True,0.0,CCL8 [NSU],healthy_pyroptosis,4.0,True,False,True,False,pyroptotic
0,apoptosis,healthy,-0.3785,-0.5906,-0.1664,True,0.0,CD14 [NSU],apoptosis_healthy,4.0,True,True,False,False,apoptotic
1,apoptosis,pyroptosis,-0.5022,-0.7158,-0.2886,True,0.0,CD14 [NSU],apoptosis_pyroptosis,4.0,True,False,False,True,apoptotic_vs_pyroptotic
2,healthy,pyroptosis,-0.1237,-0.2185,-0.0289,True,0.0,CD14 [NSU],healthy_pyroptosis,4.0,True,False,True,False,pyroptotic
0,apoptosis,healthy,0.0542,-0.1937,0.3021,False,0.6538,CD163 [NSU],apoptosis_healthy,0.1845550837556497,False,False,False,False,none
1,apoptosis,pyroptosis,-0.0723,-0.3219,0.1773,False,0.4759,CD163 [NSU],apoptosis_pyroptosis,0.3224842952012425,False,False,False,False,none
2,healthy,pyroptosis,-0.1265,-0.2373,-0.0158,True,0.0,CD163 [NSU],healthy_pyroptosis,4.0,True,False,True,False,pyroptotic
0,apoptosis,healthy,0.0056,-0.2705,0.2816,False,0.9964,CD276 (B7-H3) [NSU],apoptosis_healthy,0.0015662811355311,False,False,False,False,none
1,apoptosis,pyroptosis,-0.0764,-0.3543,0.2015,False,0.5124,CD276 (B7-H3) [NSU],apoptosis_pyroptosis,0.2903908789273513,False,False,False,False,none
2,healthy,pyroptosis,-0.0819,-0.2053,0.0414,False,0.0227,CD276 (B7-H3) [NSU],healthy_pyroptosis,1.6439741428068773,True,False,True,False,pyroptotic
0,apoptosis,healthy,0.0841,-0.1494,0.3176,False,0.3188,CD27L [NSU],apoptosis_healthy,0.4964816872759253,False,False,False,False,none
1,apoptosis,pyroptosis,-0.0109,-0.2461,0.2242,False,0.9809,CD27L [NSU],apoptosis_pyroptosis,0.0083752654659946,False,False,False,False,none
2,healthy,pyroptosis,-0.0951,-0.1994,0.0093,False,0.001,CD27L [NSU],healthy_pyroptosis,3.0,True,False,True,False,pyroptotic
0,apoptosis,healthy,0.0771,-0.2339,0.3882,False,0.5798,CD30 [NSU],apoptosis_healthy,0.2367217889810213,False,False,False,False,none
1,apoptosis,pyroptosis,0.1437,-0.1695,0.4569,False,0.1585,CD30 [NSU],apoptosis_pyroptosis,0.7999707334462297,False,False,False,False,none
2,healthy,pyroptosis,0.0666,-0.0724,0.2056,False,0.1349,CD30 [NSU],healthy_pyroptosis,0.8699880503280958,False,False,False,False,none
0,apoptosis,healthy,-0.1544,-0.3941,0.0854,False,0.0283,CD40L [NSU],apoptosis_healthy,1.5482135644757098,True,True,False,False,apoptotic
1,apoptosis,pyroptosis,-0.0116,-0.253,0.2298,False,0.9796,CD40L [NSU],apoptosis_pyroptosis,0.0089512235473234,False,False,False,False,none
2,healthy,pyroptosis,0.1428,0.0356,0.2499,True,0.0,CD40L [NSU],healthy_pyroptosis,4.0,True,False,True,False,pyroptotic
0,apoptosis,healthy,-0.0455,-0.2733,0.1824,False,0.702,CNTF [NSU],apoptosis_healthy,0.1536628878701947,False,False,False,False,none
1,apoptosis,pyroptosis,-0.0052,-0.2347,0.2242,False,0.9953,CNTF [NSU],apoptosis_pyroptosis,0.002045995930597,False,False,False,False,none
2,healthy,pyroptosis,0.0402,-0.0616,0.1421,False,0.2537,CNTF [NSU],healthy_pyroptosis,0.5956795327782693,False,False,False,False,none
0,apoptosis,healthy,-0.0216,-0.3316,0.2884,False,0.9577,CRP [NSU],apoptosis_healthy,0.0187705125799992,False,False,False,False,none
1,apoptosis,pyroptosis,-0.0526,-0.3647,0.2595,False,0.7769,CRP [NSU],apoptosis_pyroptosis,0.1096348785518758,False,False,False,False,none
2,healthy,pyroptosis,-0.031,-0.1695,0.1075,False,0.6413,CRP [NSU],healthy_pyroptosis,0.1929387600827609,False,False,False,False,none
0,apoptosis,healthy,0.1735,-0.0837,0.4306,False,0.0202,CX3CL1 [NSU],apoptosis_healthy,1.6946486305533763,True,True,False,False,apoptotic
1,apoptosis,pyroptosis,0.1531,-0.1058,0.412,False,0.0486,CX3CL1 [NSU],apoptosis_pyroptosis,1.3133637307377066,True,False,False,True,apoptotic_vs_pyroptotic
2,healthy,pyroptosis,-0.0204,-0.1353,0.0946,False,0.7564,CX3CL1 [NSU],healthy_pyroptosis,0.1212484798269979,False,False,False,False,none
0,apoptosis,healthy,0.0001,-0.3511,0.3513,False,1.0,CXCL1 [NSU],apoptosis_healthy,-0.0,False,False,False,False,none
1,apoptosis,pyroptosis,0.4075,0.0539,0.7611,True,0.0,CXCL1 [NSU],apoptosis_pyroptosis,4.0,True,False,False,True,apoptotic_vs_pyroptotic
2,healthy,pyroptosis,0.4074,0.2504,0.5643,True,0.0,CXCL1 [NSU],healthy_pyroptosis,4.0,True,False,True,False,pyroptotic
0,apoptosis,healthy,-0.1306,-0.4617,0.2005,False,0.2547,CXCL10 [NSU],apoptosis_healthy,0.5939710550363849,False,False,False,False,none
1,apoptosis,pyroptosis,-0.0323,-0.3656,0.301,False,0.9197,CXCL10 [NSU],apoptosis_pyroptosis,0.0363538135151566,False,False,False,False,none
2,healthy,pyroptosis,0.0983,-0.0497,0.2462,False,0.0227,CXCL10 [NSU],healthy_pyroptosis,1.6439741428068773,True,False,True,False,pyroptotic
0,apoptosis,healthy,-0.0249,-0.3505,0.3007,False,0.9492,CXCL11 [NSU],apoptosis_healthy,0.0226422704546985,False,False,False,False,none
1,apoptosis,pyroptosis,0.2758,-0.052,0.6036,False,0.0026,CXCL11 [NSU],apoptosis_pyroptosis,2.585026652029182,True,False,False,True,apoptotic_vs_pyroptotic
2,healthy,pyroptosis,0.3007,0.1552,0.4462,True,0.0,CXCL11 [NSU],healthy_pyroptosis,4.0,True,False,True,False,pyroptotic
0,apoptosis,healthy,0.0743,-0.2345,0.3831,False,0.5987,CXCL12 (alpha) [NSU],apoptosis_healthy,0.2227907418543151,False,False,False,False,none
1,apoptosis,pyroptosis,0.0461,-0.2648,0.357,False,0.8225,CXCL12 (alpha) [NSU],apoptosis_pyroptosis,0.084864093377988,False,False,False,False,none
2,healthy,pyroptosis,-0.0282,-0.1662,0.1098,False,0.6903,CXCL12 (alpha) [NSU],healthy_pyroptosis,0.1609621266116941,False,False,False,False,none
0,apoptosis,healthy,0.0642,-0.2184,0.3467,False,0.6328,CXCL12 (beta) [NSU],apoptosis_healthy,0.1987335295103798,False,False,False,False,none
1,apoptosis,pyroptosis,0.0441,-0.2403,0.3285,False,0.8075,CXCL12 (beta) [NSU],apoptosis_pyroptosis,0.0928574689968595,False,False,False,False,none
2,healthy,pyroptosis,-0.0201,-0.1463,0.1062,False,0.7989,CXCL12 (beta) [NSU],healthy_pyroptosis,0.0975075788413963,False,False,False,False,none
0,apoptosis,healthy,-0.0494,-0.356,0.2571,False,0.7935,CXCL13 [NSU],apoptosis_healthy,0.100453068909133,False,False,False,False,none
1,apoptosis,pyroptosis,0.014,-0.2947,0.3227,False,0.9819,CXCL13 [NSU],apoptosis_pyroptosis,0.0079327399723332,False,False,False,False,none
2,healthy,pyroptosis,0.0634,-0.0736,0.2005,False,0.1535,CXCL13 [NSU],healthy_pyroptosis,0.8138916201867947,False,False,False,False,none
0,apoptosis,healthy,0.0803,-0.1857,0.3463,False,0.4468,CXCL14 [NSU],apoptosis_healthy,0.3498868355564286,False,False,False,False,none
1,apoptosis,pyroptosis,0.1941,-0.0737,0.4619,False,0.0114,CXCL14 [NSU],apoptosis_pyroptosis,1.9430951486635275,True,False,False,True,apoptotic_vs_pyroptotic
2,healthy,pyroptosis,0.1138,-0.0051,0.2327,False,0.0005,CXCL14 [NSU],healthy_pyroptosis,3.3010299956639813,True,False,True,False,pyroptotic
0,apoptosis,healthy,-0.2276,-0.5308,0.0757,False,0.0084,CXCL16 [NSU],apoptosis_healthy,2.0757207139381184,True,True,False,False,apoptotic
1,apoptosis,pyroptosis,-0.5066,-0.8119,-0.2013,True,0.0,CXCL16 [NSU],apoptosis_pyroptosis,4.0,True,False,False,True,apoptotic_vs_pyroptotic
2,healthy,pyroptosis,-0.279,-0.4146,-0.1435,True,0.0,CXCL16 [NSU],healthy_pyroptosis,4.0,True,False,True,False,pyroptotic
0,apoptosis,healthy,0.0115,-0.2781,0.3011,False,0.986,CXCL17 [NSU],apoptosis_healthy,0.0061230850587887,False,False,False,False,none
1,apoptosis,pyroptosis,0.0451,-0.2465,0.3367,False,0.8083,CXCL17 [NSU],apoptosis_pyroptosis,0.092427421201449,False,False,False,False,none
2,healthy,pyroptosis,0.0336,-0.0958,0.163,False,0.5503,CXCL17 [NSU],healthy_pyroptosis,0.2594004871888434,False,False,False,False,none
0,apoptosis,healthy,-0.1756,-0.4585,0.1073,False,0.0361,CXCL3 [NSU],apoptosis_healthy,1.442492798094342,True,True,False,False,apoptotic
1,apoptosis,pyroptosis,0.1398,-0.145,0.4247,False,0.1221,CXCL3 [NSU],apoptosis_pyroptosis,0.9132843360551176,False,False,False,False,none
2,healthy,pyroptosis,0.3154,0.189,0.4418,True,0.0,CXCL3 [NSU],healthy_pyroptosis,4.0,True,False,True,False,pyroptotic
0,apoptosis,healthy,-0.0195,-0.1583,0.1192,False,0.8384,CXCL4 [NSU],apoptosis_healthy,0.0765487303603485,False,False,False,False,none
1,apoptosis,pyroptosis,0.0581,-0.0816,0.1978,False,0.2193,CXCL4 [NSU],apoptosis_pyroptosis,0.6589613683224771,False,False,False,False,none
2,healthy,pyroptosis,0.0776,0.0156,0.1396,True,0.0,CXCL4 [NSU],healthy_pyroptosis,4.0,True,False,True,False,pyroptotic
0,apoptosis,healthy,-0.0327,-0.4161,0.3507,False,0.9372,CXCL5 [NSU],apoptosis_healthy,0.0281677200750748,False,False,False,False,none
1,apoptosis,pyroptosis,0.1274,-0.2586,0.5134,False,0.3824,CXCL5 [NSU],apoptosis_pyroptosis,0.4174821163959375,False,False,False,False,none
2,healthy,pyroptosis,0.1601,-0.0112,0.3314,False,0.0007,CXCL5 [NSU],healthy_pyroptosis,3.154901959985743,True,False,True,False,pyroptotic
0,apoptosis,healthy,-0.0024,-0.2523,0.2475,False,0.9992,CXCL6 [NSU],apoptosis_healthy,0.0003475746339209,False,False,False,False,none
1,apoptosis,pyroptosis,-0.0279,-0.2795,0.2237,False,0.8963,CXCL6 [NSU],apoptosis_pyroptosis,0.0475466035769667,False,False,False,False,none
2,healthy,pyroptosis,-0.0255,-0.1372,0.0862,False,0.6297,CXCL6 [NSU],healthy_pyroptosis,0.2008663066979371,False,False,False,False,none
0,apoptosis,healthy,-0.0746,-0.3237,0.1745,False,0.4525,CXCL7 [NSU],apoptosis_healthy,0.3443814164587778,False,False,False,False,none
1,apoptosis,pyroptosis,0.0099,-0.2409,0.2607,False,0.9862,CXCL7 [NSU],apoptosis_pyroptosis,0.006035001804881,False,False,False,False,none
2,healthy,pyroptosis,0.0845,-0.0268,0.1958,False,0.0075,CXCL7 [NSU],healthy_pyroptosis,2.1249387366083,True,False,True,False,pyroptotic
0,apoptosis,healthy,-0.085,-0.4768,0.3067,False,0.6581,CXCL9 [NSU],apoptosis_healthy,0.181708109200004,False,False,False,False,none
1,apoptosis,pyroptosis,0.0997,-0.2947,0.4941,False,0.5674,CXCL9 [NSU],apoptosis_pyroptosis,0.2461106685401665,False,False,False,False,none
2,healthy,pyroptosis,0.1848,0.0097,0.3598,True,0.0001,CXCL9 [NSU],healthy_pyroptosis,4.0,True,False,True,False,pyroptotic
0,apoptosis,healthy,-0.0045,-0.2104,0.2015,False,0.9958,Calbindin [NSU],apoptosis_healthy,0.0018278780605592,False,False,False,False,none
1,apoptosis,pyroptosis,-0.1445,-0.3518,0.0629,False,0.0158,Calbindin [NSU],apoptosis_pyroptosis,1.8013429130455774,True,False,False,True,apoptotic_vs_pyroptotic
2,healthy,pyroptosis,-0.14,-0.232,-0.0479,True,0.0,Calbindin [NSU],healthy_pyroptosis,4.0,True,False,True,False,pyroptotic
0,apoptosis,healthy,0.1492,-0.119,0.4174,False,0.0683,Cytochrome C [NSU],apoptosis_healthy,1.1655792963184677,False,False,False,False,none
1,apoptosis,pyroptosis,0.1944,-0.0756,0.4645,False,0.012,Cytochrome C [NSU],apoptosis_pyroptosis,1.9208187539523751,True,False,False,True,apoptotic_vs_pyroptotic
2,healthy,pyroptosis,0.0452,-0.0746,0.1651,False,0.2858,Cytochrome C [NSU],healthy_pyroptosis,0.5439377755450485,False,False,False,False,none
0,apoptosis,healthy,-0.0148,-0.3082,0.2787,False,0.9777,EGF [NSU],apoptosis_healthy,0.0097943848151933,False,False,False,False,none
1,apoptosis,pyroptosis,-0.0358,-0.3312,0.2597,False,0.8778,EGF [NSU],apoptosis_pyroptosis,0.0566044234910455,False,False,False,False,none
2,healthy,pyroptosis,-0.021,-0.1522,0.1102,False,0.7961,EGF [NSU],healthy_pyroptosis,0.0990323760808757,False,False,False,False,none
0,apoptosis,healthy,0.0524,-0.1772,0.2819,False,0.6302,EGFR [NSU],apoptosis_healthy,0.2005216011620191,False,False,False,False,none
1,apoptosis,pyroptosis,0.0009,-0.2302,0.232,False,0.9999,EGFR [NSU],apoptosis_pyroptosis,4.34316198075056e-05,False,False,False,False,none
2,healthy,pyroptosis,-0.0514,-0.154,0.0511,False,0.1117,EGFR [NSU],healthy_pyroptosis,0.9519468268843908,False,False,False,False,none
0,apoptosis,healthy,0.1638,-0.1851,0.5127,False,0.1456,EMMPRIN [NSU],apoptosis_healthy,0.8368386250229816,False,False,False,False,none
1,apoptosis,pyroptosis,0.4973,0.146,0.8486,True,0.0,EMMPRIN [NSU],apoptosis_pyroptosis,4.0,True,False,False,True,apoptotic_vs_pyroptotic
2,healthy,pyroptosis,0.3335,0.1775,0.4894,True,0.0,EMMPRIN [NSU],healthy_pyroptosis,4.0,True,False,True,False,pyroptotic
0,apoptosis,healthy,-0.1346,-0.3704,0.1012,False,0.0595,FAS-L [NSU],apoptosis_healthy,1.2254830342714504,False,False,False,False,none
1,apoptosis,pyroptosis,-0.1929,-0.4303,0.0446,False,0.0038,FAS-L [NSU],apoptosis_pyroptosis,2.42021640338319,True,False,False,True,apoptotic_vs_pyroptotic
2,healthy,pyroptosis,-0.0583,-0.1637,0.0471,False,0.0705,FAS-L [NSU],healthy_pyroptosis,1.1518108830086011,False,False,False,False,none
0,apoptosis,healthy,-0.0244,-0.3031,0.2543,False,0.934,FGF-1 [NSU],apoptosis_healthy,0.0296531237699066,False,False,False,False,none
1,apoptosis,pyroptosis,-0.0691,-0.3498,0.2115,False,0.5838,FGF-1 [NSU],apoptosis_pyroptosis,0.2337359093480044,False,False,False,False,none
2,healthy,pyroptosis,-0.0447,-0.1693,0.0798,False,0.3207,FGF-1 [NSU],healthy_pyroptosis,0.4939010400715595,False,False,False,False,none
0,apoptosis,healthy,0.135,-0.1586,0.4285,False,0.1573,FGF-19 [NSU],apoptosis_healthy,0.8032712773767132,False,False,False,False,none
1,apoptosis,pyroptosis,0.1959,-0.0996,0.4915,False,0.023,FGF-19 [NSU],apoptosis_pyroptosis,1.6382721639824072,True,False,False,True,apoptotic_vs_pyroptotic
2,healthy,pyroptosis,0.0609,-0.0702,0.1921,False,0.1514,FGF-19 [NSU],healthy_pyroptosis,0.819874124835946,False,False,False,False,none
0,apoptosis,healthy,0.0479,-0.1904,0.2862,False,0.6986,FGF-2 [NSU],apoptosis_healthy,0.155771418698372,False,False,False,False,none
1,apoptosis,pyroptosis,0.1164,-0.1235,0.3564,False,0.128,FGF-2 [NSU],apoptosis_pyroptosis,0.8927900303521317,False,False,False,False,none
2,healthy,pyroptosis,0.0685,-0.038,0.175,False,0.0284,FGF-2 [NSU],healthy_pyroptosis,1.5466816599529625,True,False,True,False,pyroptotic
0,apoptosis,healthy,0.045,-0.2198,0.3097,False,0.7739,FGF-21 [NSU],apoptosis_healthy,0.111315153340301,False,False,False,False,none
1,apoptosis,pyroptosis,-0.0418,-0.3083,0.2248,False,0.8035,FGF-21 [NSU],apoptosis_pyroptosis,0.0950141189006366,False,False,False,False,none
2,healthy,pyroptosis,-0.0867,-0.2051,0.0316,False,0.0103,FGF-21 [NSU],healthy_pyroptosis,1.987162775294828,True,False,True,False,pyroptotic
0,apoptosis,healthy,-0.0537,-0.3374,0.23,False,0.7274,FGF-4 [NSU],apoptosis_healthy,0.1382267032813068,False,False,False,False,none
1,apoptosis,pyroptosis,-0.0415,-0.3271,0.2442,False,0.829,FGF-4 [NSU],apoptosis_pyroptosis,0.0814454694497264,False,False,False,False,none
2,healthy,pyroptosis,0.0122,-0.1146,0.139,False,0.9205,FGF-4 [NSU],healthy_pyroptosis,0.0359762071599665,False,False,False,False,none
0,apoptosis,healthy,-0.0022,-0.2909,0.2865,False,0.9995,FGF-6 [NSU],apoptosis_healthy,0.0002172015458642,False,False,False,False,none
1,apoptosis,pyroptosis,-0.0243,-0.3149,0.2663,False,0.9397,FGF-6 [NSU],apoptosis_pyroptosis,0.0270107731446512,False,False,False,False,none
2,healthy,pyroptosis,-0.0221,-0.1511,0.1069,False,0.7707,FGF-6 [NSU],healthy_pyroptosis,0.1131146410139913,False,False,False,False,none
0,apoptosis,healthy,0.0867,-0.2096,0.383,False,0.4688,FGF-7 (KGF) [NSU],apoptosis_healthy,0.3290123969899657,False,False,False,False,none
1,apoptosis,pyroptosis,0.0192,-0.2791,0.3176,False,0.9637,FGF-7 (KGF) [NSU],apoptosis_pyroptosis,0.0160581410161118,False,False,False,False,none
2,healthy,pyroptosis,-0.0675,-0.1999,0.0649,False,0.1041,FGF-7 (KGF) [NSU],healthy_pyroptosis,0.9825492704894638,False,False,False,False,none
0,apoptosis,healthy,0.0915,-0.1799,0.3629,False,0.367,FGF-9 [NSU],apoptosis_healthy,0.4353339357479107,False,False,False,False,none
1,apoptosis,pyroptosis,0.0282,-0.245,0.3015,False,0.9094,FGF-9 [NSU],apoptosis_pyroptosis,0.0412450501309106,False,False,False,False,none
2,healthy,pyroptosis,-0.0633,-0.1846,0.058,False,0.0937,FGF-9 [NSU],healthy_pyroptosis,1.0282604091122218,False,False,False,False,none
0,apoptosis,healthy,0.0651,-0.1605,0.2906,False,0.4791,FGFR3 (IIIc) [NSU],apoptosis_healthy,0.3195738291418546,False,False,False,False,none
1,apoptosis,pyroptosis,0.0609,-0.1663,0.288,False,0.5294,FGFR3 (IIIc) [NSU],apoptosis_pyroptosis,0.2762160630346706,False,False,False,False,none
2,healthy,pyroptosis,-0.0042,-0.105,0.0966,False,0.9847,FGFR3 (IIIc) [NSU],healthy_pyroptosis,0.0066960620805254,False,False,False,False,none
0,apoptosis,healthy,-0.0669,-0.3538,0.22,False,0.6173,FLRG (FSTL3) [NSU],apoptosis_healthy,0.2095037230328904,False,False,False,False,none
1,apoptosis,pyroptosis,0.0149,-0.2739,0.3038,False,0.9765,FLRG (FSTL3) [NSU],apoptosis_pyroptosis,0.0103277523761267,False,False,False,False,none
2,healthy,pyroptosis,0.0818,-0.0464,0.2101,False,0.0301,FLRG (FSTL3) [NSU],healthy_pyroptosis,1.5214335044061569,True,False,True,False,pyroptotic
0,apoptosis,healthy,0.0314,-0.2931,0.3558,False,0.9201,Flt-3 Ligand [NSU],apoptosis_healthy,0.036164969297852,False,False,False,False,none
1,apoptosis,pyroptosis,0.1697,-0.1569,0.4964,False,0.0954,Flt-3 Ligand [NSU],apoptosis_pyroptosis,1.0204516252959048,False,False,False,False,none
2,healthy,pyroptosis,0.1384,-0.0066,0.2834,False,0.0005,Flt-3 Ligand [NSU],healthy_pyroptosis,3.3010299956639813,True,False,True,False,pyroptotic
0,apoptosis,healthy,0.0336,-0.3267,0.3938,False,0.9256,G-CSF [NSU],apoptosis_healthy,0.0335766540563068,False,False,False,False,none
1,apoptosis,pyroptosis,0.4479,0.0852,0.8106,True,0.0,G-CSF [NSU],apoptosis_pyroptosis,4.0,True,False,False,True,apoptotic_vs_pyroptotic
2,healthy,pyroptosis,0.4143,0.2533,0.5753,True,0.0,G-CSF [NSU],healthy_pyroptosis,4.0,True,False,True,False,pyroptotic
0,apoptosis,healthy,0.0216,-0.1787,0.2219,False,0.9016,GDF-11 (BMP-11) [NSU],apoptosis_healthy,0.0449860969619498,False,False,False,False,none
1,apoptosis,pyroptosis,-0.0816,-0.2833,0.1201,False,0.2374,GDF-11 (BMP-11) [NSU],apoptosis_pyroptosis,0.6245192853814275,False,False,False,False,none
2,healthy,pyroptosis,-0.1032,-0.1927,-0.0137,True,0.0,GDF-11 (BMP-11) [NSU],healthy_pyroptosis,4.0,True,False,True,False,pyroptotic
0,apoptosis,healthy,0.0888,-0.1136,0.2912,False,0.185,GDF-15 (MIC-1) [NSU],apoptosis_healthy,0.7328282715969863,False,False,False,False,none
1,apoptosis,pyroptosis,0.0962,-0.1075,0.3,False,0.1423,GDF-15 (MIC-1) [NSU],apoptosis_pyroptosis,0.8467950999157157,False,False,False,False,none
2,healthy,pyroptosis,0.0074,-0.083,0.0979,False,0.9416,GDF-15 (MIC-1) [NSU],healthy_pyroptosis,0.0261335501646217,False,False,False,False,none
0,apoptosis,healthy,0.0367,-0.2127,0.2861,False,0.8246,GDNF [NSU],apoptosis_healthy,0.0837566695346603,False,False,False,False,none
1,apoptosis,pyroptosis,0.0436,-0.2075,0.2947,False,0.765,GDNF [NSU],apoptosis_pyroptosis,0.1163385648463823,False,False,False,False,none
2,healthy,pyroptosis,0.0069,-0.1046,0.1183,False,0.9667,GDNF [NSU],healthy_pyroptosis,0.0147082814071118,False,False,False,False,none
0,apoptosis,healthy,0.0085,-0.2472,0.2641,False,0.9902,GM-CSF [NSU],apoptosis_healthy,0.0042770780045347,False,False,False,False,none
1,apoptosis,pyroptosis,0.1235,-0.1339,0.3809,False,0.1341,GM-CSF [NSU],apoptosis_pyroptosis,0.8725712221484011,False,False,False,False,none
2,healthy,pyroptosis,0.115,0.0007,0.2292,True,0.0002,GM-CSF [NSU],healthy_pyroptosis,3.6989700043360183,True,False,True,False,pyroptotic
0,apoptosis,healthy,0.0846,-0.218,0.3872,False,0.5007,Granzyme B [NSU],apoptosis_healthy,0.3004224086010908,False,False,False,False,none
1,apoptosis,pyroptosis,-0.0189,-0.3236,0.2858,False,0.9663,Granzyme B [NSU],apoptosis_pyroptosis,0.0148880204606461,False,False,False,False,none
2,healthy,pyroptosis,-0.1035,-0.2387,0.0318,False,0.007,Granzyme B [NSU],healthy_pyroptosis,2.154901959985743,True,False,True,False,pyroptotic
0,apoptosis,healthy,0.0722,-0.1907,0.335,False,0.5129,Growth Hormone (Somatotropin) [NSU],apoptosis_healthy,0.2899673009342464,False,False,False,False,none
1,apoptosis,pyroptosis,0.1516,-0.113,0.4162,False,0.0583,Growth Hormone (Somatotropin) [NSU],apoptosis_pyroptosis,1.234331445240986,False,False,False,False,none
2,healthy,pyroptosis,0.0794,-0.038,0.1969,False,0.0199,Growth Hormone (Somatotropin) [NSU],healthy_pyroptosis,1.7011469235902934,True,False,True,False,pyroptotic
0,apoptosis,healthy,-0.0309,-0.3177,0.256,False,0.9019,HGF [NSU],apoptosis_healthy,0.0448416130742063,False,False,False,False,none
1,apoptosis,pyroptosis,0.115,-0.1738,0.4038,False,0.2482,HGF [NSU],apoptosis_pyroptosis,0.605198222837289,False,False,False,False,none
2,healthy,pyroptosis,0.1459,0.0177,0.2741,True,0.0,HGF [NSU],healthy_pyroptosis,4.0,True,False,True,False,pyroptotic
0,apoptosis,healthy,0.048,-0.2131,0.3091,False,0.7404,HVEM [NSU],apoptosis_healthy,0.1305335899191335,False,False,False,False,none
1,apoptosis,pyroptosis,0.1479,-0.1149,0.4107,False,0.0643,HVEM [NSU],apoptosis_pyroptosis,1.191789027075778,False,False,False,False,none
2,healthy,pyroptosis,0.0999,-0.0168,0.2166,False,0.0021,HVEM [NSU],healthy_pyroptosis,2.677780705266081,True,False,True,False,pyroptotic
0,apoptosis,healthy,-0.0657,-0.3615,0.23,False,0.6452,ICAM-1 [NSU],apoptosis_healthy,0.1903056412830761,False,False,False,False,none
1,apoptosis,pyroptosis,-0.0987,-0.3965,0.199,False,0.3788,ICAM-1 [NSU],apoptosis_pyroptosis,0.4215900296687641,False,False,False,False,none
2,healthy,pyroptosis,-0.033,-0.1652,0.0991,False,0.5747,ICAM-1 [NSU],healthy_pyroptosis,0.2405588028663024,False,False,False,False,none
0,apoptosis,healthy,0.0513,-0.2529,0.3554,False,0.7766,ICAM-2 [NSU],apoptosis_healthy,0.1098026137899712,False,False,False,False,none
1,apoptosis,pyroptosis,-0.0258,-0.332,0.2805,False,0.9389,ICAM-2 [NSU],apoptosis_pyroptosis,0.0273806609403765,False,False,False,False,none
2,healthy,pyroptosis,-0.077,-0.213,0.0589,False,0.0619,ICAM-2 [NSU],healthy_pyroptosis,1.208309350979882,False,False,False,False,none
0,apoptosis,healthy,-0.0673,-0.3333,0.1988,False,0.5676,IFN alpha 2 (alpha 2b) [NSU],apoptosis_healthy,0.2459576132145635,False,False,False,False,none
1,apoptosis,pyroptosis,-0.1414,-0.4093,0.1265,False,0.0886,IFN alpha 2 (alpha 2b) [NSU],apoptosis_pyroptosis,1.0525662781129492,False,False,False,False,none
2,healthy,pyroptosis,-0.0742,-0.1931,0.0448,False,0.0351,IFN alpha 2 (alpha 2b) [NSU],healthy_pyroptosis,1.454692883534176,True,False,True,False,pyroptotic
0,apoptosis,healthy,-0.0334,-0.2737,0.2068,False,0.8416,IFN beta [NSU],apoptosis_healthy,0.0748942731903361,False,False,False,False,none
1,apoptosis,pyroptosis,0.1149,-0.1269,0.3568,False,0.1391,IFN beta [NSU],apoptosis_pyroptosis,0.8566728700079536,False,False,False,False,none
2,healthy,pyroptosis,0.1484,0.041,0.2557,True,0.0,IFN beta [NSU],healthy_pyroptosis,4.0,True,False,True,False,pyroptotic
0,apoptosis,healthy,0.0271,-0.2976,0.3517,False,0.94,IFN gamma [NSU],apoptosis_healthy,0.0268721464003013,False,False,False,False,none
1,apoptosis,pyroptosis,0.5207,0.1939,0.8476,True,0.0,IFN gamma [NSU],apoptosis_pyroptosis,4.0,True,False,False,True,apoptotic_vs_pyroptotic
2,healthy,pyroptosis,0.4937,0.3486,0.6388,True,0.0,IFN gamma [NSU],healthy_pyroptosis,4.0,True,False,True,False,pyroptotic
0,apoptosis,healthy,-0.0853,-0.3609,0.1903,False,0.4287,IFN-epsilon [NSU],apoptosis_healthy,0.3678465164893673,False,False,False,False,none
1,apoptosis,pyroptosis,-0.0309,-0.3084,0.2466,False,0.8954,IFN-epsilon [NSU],apoptosis_pyroptosis,0.0479829099525737,False,False,False,False,none
2,healthy,pyroptosis,0.0544,-0.0688,0.1776,False,0.1809,IFN-epsilon [NSU],healthy_pyroptosis,0.7425614331401862,False,False,False,False,none
0,apoptosis,healthy,-0.0226,-0.2872,0.242,False,0.9369,IGF-1 [NSU],apoptosis_healthy,0.0283067610501389,False,False,False,False,none
1,apoptosis,pyroptosis,-0.1018,-0.3682,0.1646,False,0.2766,IGF-1 [NSU],apoptosis_pyroptosis,0.5581478242267082,False,False,False,False,none
2,healthy,pyroptosis,-0.0792,-0.1974,0.0391,False,0.0214,IGF-1 [NSU],healthy_pyroptosis,1.6695862266508092,True,False,True,False,pyroptotic
0,apoptosis,healthy,-0.0152,-0.3035,0.273,False,0.9754,IL-1 R1 [NSU],apoptosis_healthy,0.0108172487444524,False,False,False,False,none
1,apoptosis,pyroptosis,-0.086,-0.3762,0.2042,False,0.4599,IL-1 R1 [NSU],apoptosis_pyroptosis,0.3373365904259624,False,False,False,False,none
2,healthy,pyroptosis,-0.0708,-0.1996,0.058,False,0.0728,IL-1 R1 [NSU],healthy_pyroptosis,1.1378686206869628,False,False,False,False,none
0,apoptosis,healthy,-0.4409,-0.6892,-0.1926,True,0.0,IL-1 RA_RN [NSU],apoptosis_healthy,4.0,True,True,False,False,apoptotic
1,apoptosis,pyroptosis,-0.322,-0.572,-0.0719,True,0.0,IL-1 RA_RN [NSU],apoptosis_pyroptosis,4.0,True,False,False,True,apoptotic_vs_pyroptotic
2,healthy,pyroptosis,0.119,0.008,0.2299,True,0.0001,IL-1 RA_RN [NSU],healthy_pyroptosis,4.0,True,False,True,False,pyroptotic
0,apoptosis,healthy,0.0153,-0.1152,0.1458,False,0.885,IL-1 alpha [NSU],apoptosis_healthy,0.0530567293021745,False,False,False,False,none
1,apoptosis,pyroptosis,0.8121,0.6807,0.9435,True,0.0,IL-1 alpha [NSU],apoptosis_pyroptosis,4.0,True,False,False,True,apoptotic_vs_pyroptotic
2,healthy,pyroptosis,0.7968,0.7385,0.8552,True,0.0,IL-1 alpha [NSU],healthy_pyroptosis,4.0,True,False,True,False,pyroptotic
0,apoptosis,healthy,0.0242,-0.1016,0.15,False,0.7205,IL-1 beta [NSU],apoptosis_healthy,0.1423660148499919,False,False,False,False,none
1,apoptosis,pyroptosis,0.884,0.7574,1.0107,True,0.0,IL-1 beta [NSU],apoptosis_pyroptosis,4.0,True,False,False,True,apoptotic_vs_pyroptotic
2,healthy,pyroptosis,0.8599,0.8037,0.9161,True,0.0,IL-1 beta [NSU],healthy_pyroptosis,4.0,True,False,True,False,pyroptotic
0,apoptosis,healthy,-0.06,-0.3354,0.2153,False,0.6558,IL-10 [NSU],apoptosis_healthy,0.1832285876666535,False,False,False,False,none
1,apoptosis,pyroptosis,0.0838,-0.1934,0.3611,False,0.4454,IL-10 [NSU],apoptosis_pyroptosis,0.3512497873019806,False,False,False,False,none
2,healthy,pyroptosis,0.1439,0.0208,0.2669,True,0.0,IL-10 [NSU],healthy_pyroptosis,4.0,True,False,True,False,pyroptotic
0,apoptosis,healthy,-0.0022,-0.2904,0.2859,False,0.9995,IL-11 [NSU],apoptosis_healthy,0.0002172015458642,False,False,False,False,none
1,apoptosis,pyroptosis,-0.1338,-0.4239,0.1563,False,0.1557,IL-11 [NSU],apoptosis_pyroptosis,0.8077113874318796,False,False,False,False,none
2,healthy,pyroptosis,-0.1316,-0.2603,-0.0028,True,0.0002,IL-11 [NSU],healthy_pyroptosis,3.6989700043360183,True,False,True,False,pyroptotic
0,apoptosis,healthy,0.0445,-0.1966,0.2856,False,0.7389,IL-12 p35 [NSU],apoptosis_healthy,0.1314143334412343,False,False,False,False,none
1,apoptosis,pyroptosis,0.0156,-0.2271,0.2584,False,0.9637,IL-12 p35 [NSU],apoptosis_pyroptosis,0.0160581410161118,False,False,False,False,none
2,healthy,pyroptosis,-0.0289,-0.1366,0.0789,False,0.5297,IL-12 p35 [NSU],healthy_pyroptosis,0.2759700270644023,False,False,False,False,none
0,apoptosis,healthy,0.0039,-0.3439,0.3516,False,0.9989,IL-12 p40 [NSU],apoptosis_healthy,0.0004779868710962,False,False,False,False,none
1,apoptosis,pyroptosis,0.2726,-0.0776,0.6227,False,0.0059,IL-12 p40 [NSU],apoptosis_pyroptosis,2.229147988357856,True,False,False,True,apoptotic_vs_pyroptotic
2,healthy,pyroptosis,0.2687,0.1133,0.4241,True,0.0,IL-12 p40 [NSU],healthy_pyroptosis,4.0,True,False,True,False,pyroptotic
0,apoptosis,healthy,0.0008,-0.2641,0.2657,False,0.9999,IL-12 p70 [NSU],apoptosis_healthy,4.34316198075056e-05,False,False,False,False,none
1,apoptosis,pyroptosis,-0.0381,-0.3048,0.2285,False,0.8336,IL-12 p70 [NSU],apoptosis_pyroptosis,0.0790422940445507,False,False,False,False,none
2,healthy,pyroptosis,-0.0389,-0.1573,0.0794,False,0.3847,IL-12 p70 [NSU],healthy_pyroptosis,0.4148778136931845,False,False,False,False,none
0,apoptosis,healthy,0.0519,-0.2293,0.333,False,0.739,IL-15 [NSU],apoptosis_healthy,0.1313555616051742,False,False,False,False,none
1,apoptosis,pyroptosis,0.1296,-0.1535,0.4127,False,0.1599,IL-15 [NSU],apoptosis_pyroptosis,0.7961515362537653,False,False,False,False,none
2,healthy,pyroptosis,0.0777,-0.048,0.2034,False,0.037,IL-15 [NSU],healthy_pyroptosis,1.431798275933005,True,False,True,False,pyroptotic
0,apoptosis,healthy,0.0001,-0.2571,0.2574,False,1.0,IL-15_IL-15R alpha complex [NSU],apoptosis_healthy,-0.0,False,False,False,False,none
1,apoptosis,pyroptosis,-0.0304,-0.2894,0.2287,False,0.8848,IL-15_IL-15R alpha complex [NSU],apoptosis_pyroptosis,0.0531548860393769,False,False,False,False,none
2,healthy,pyroptosis,-0.0305,-0.1455,0.0845,False,0.536,IL-15_IL-15R alpha complex [NSU],healthy_pyroptosis,0.2708352103072299,False,False,False,False,none
0,apoptosis,healthy,0.0466,-0.2727,0.3659,False,0.8274,IL-16 [NSU],apoptosis_healthy,0.0822844834405066,False,False,False,False,none
1,apoptosis,pyroptosis,0.3179,-0.0036,0.6393,False,0.0003,IL-16 [NSU],apoptosis_pyroptosis,3.5228787452803374,True,False,False,True,apoptotic_vs_pyroptotic
2,healthy,pyroptosis,0.2713,0.1286,0.414,True,0.0,IL-16 [NSU],healthy_pyroptosis,4.0,True,False,True,False,pyroptotic
0,apoptosis,healthy,-0.3429,-0.4957,-0.19,True,0.0,IL-17A [NSU],apoptosis_healthy,4.0,True,True,False,False,apoptotic
1,apoptosis,pyroptosis,-0.3922,-0.5461,-0.2383,True,0.0,IL-17A [NSU],apoptosis_pyroptosis,4.0,True,False,False,True,apoptotic_vs_pyroptotic
2,healthy,pyroptosis,-0.0493,-0.1176,0.019,False,0.0118,IL-17A [NSU],healthy_pyroptosis,1.9281179926938743,True,False,True,False,pyroptotic
0,apoptosis,healthy,-0.0163,-0.2261,0.1935,False,0.9476,IL-17B [NSU],apoptosis_healthy,0.0233749479492725,False,False,False,False,none
1,apoptosis,pyroptosis,-0.0965,-0.3077,0.1147,False,0.1607,IL-17B [NSU],apoptosis_pyroptosis,0.7939841232366555,False,False,False,False,none
2,healthy,pyroptosis,-0.0802,-0.174,0.0135,False,0.0021,IL-17B [NSU],healthy_pyroptosis,2.677780705266081,True,False,True,False,pyroptotic
0,apoptosis,healthy,0.0046,-0.2164,0.2256,False,0.9962,IL-17C [NSU],apoptosis_healthy,0.0016534626036354,False,False,False,False,none
1,apoptosis,pyroptosis,-0.033,-0.2554,0.1895,False,0.8227,IL-17C [NSU],apoptosis_pyroptosis,0.0847585026938056,False,False,False,False,none
2,healthy,pyroptosis,-0.0375,-0.1363,0.0612,False,0.2805,IL-17C [NSU],healthy_pyroptosis,0.5520671344078197,False,False,False,False,none
0,apoptosis,healthy,0.1662,-0.1229,0.4554,False,0.0572,IL-17D [NSU],apoptosis_healthy,1.242603971206976,False,False,False,False,none
1,apoptosis,pyroptosis,0.1001,-0.191,0.3912,False,0.3523,IL-17D [NSU],apoptosis_pyroptosis,0.4530873568187575,False,False,False,False,none
2,healthy,pyroptosis,-0.0661,-0.1953,0.0631,False,0.1023,IL-17D [NSU],healthy_pyroptosis,0.9901243662878398,False,False,False,False,none
0,apoptosis,healthy,0.0641,-0.1909,0.3191,False,0.5712,IL-17E (IL-25) [NSU],apoptosis_healthy,0.243211801231882,False,False,False,False,none
1,apoptosis,pyroptosis,0.0,-0.2568,0.2568,False,1.0,IL-17E (IL-25) [NSU],apoptosis_pyroptosis,-0.0,False,False,False,False,none
2,healthy,pyroptosis,-0.0641,-0.1781,0.0499,False,0.0645,IL-17E (IL-25) [NSU],healthy_pyroptosis,1.1904402853647322,False,False,False,False,none
0,apoptosis,healthy,-0.0012,-0.2635,0.261,False,0.9998,IL-17F [NSU],apoptosis_healthy,8.686758342857122e-05,False,False,False,False,none
1,apoptosis,pyroptosis,0.0187,-0.2454,0.2827,False,0.9564,IL-17F [NSU],apoptosis_pyroptosis,0.0193604325562628,False,False,False,False,none
2,healthy,pyroptosis,0.0199,-0.0973,0.1371,False,0.7737,IL-17F [NSU],healthy_pyroptosis,0.1114274031424,False,False,False,False,none
0,apoptosis,healthy,-0.0067,-0.1666,0.1532,False,0.9844,IL-18 [NSU],apoptosis_healthy,0.006828394969235,False,False,False,False,none
1,apoptosis,pyroptosis,0.4645,0.3035,0.6254,True,0.0,IL-18 [NSU],apoptosis_pyroptosis,4.0,True,False,False,True,apoptotic_vs_pyroptotic
2,healthy,pyroptosis,0.4712,0.3997,0.5426,True,0.0,IL-18 [NSU],healthy_pyroptosis,4.0,True,False,True,False,pyroptotic
0,apoptosis,healthy,-0.0673,-0.3036,0.1689,False,0.4871,IL-2 RA [NSU],apoptosis_healthy,0.31238187042823,False,False,False,False,none
1,apoptosis,pyroptosis,-0.0477,-0.2856,0.1901,False,0.6991,IL-2 RA [NSU],apoptosis_pyroptosis,0.155460697870992,False,False,False,False,none
2,healthy,pyroptosis,0.0196,-0.086,0.1252,False,0.7361,IL-2 RA [NSU],healthy_pyroptosis,0.1330631822683606,False,False,False,False,none
0,apoptosis,healthy,-0.2837,-0.443,-0.1245,True,0.0,IL-2 [NSU],apoptosis_healthy,4.0,True,True,False,False,apoptotic
1,apoptosis,pyroptosis,-0.3208,-0.4811,-0.1605,True,0.0,IL-2 [NSU],apoptosis_pyroptosis,4.0,True,False,False,True,apoptotic_vs_pyroptotic
2,healthy,pyroptosis,-0.0371,-0.1083,0.0341,False,0.0941,IL-2 [NSU],healthy_pyroptosis,1.026410376572743,False,False,False,False,none
0,apoptosis,healthy,-0.1876,-0.4292,0.0539,False,0.006,IL-21 [NSU],apoptosis_healthy,2.221848749616356,True,True,False,False,apoptotic
1,apoptosis,pyroptosis,-0.181,-0.4242,0.0622,False,0.009,IL-21 [NSU],apoptosis_pyroptosis,2.0457574905606752,True,False,False,True,apoptotic_vs_pyroptotic
2,healthy,pyroptosis,0.0066,-0.1013,0.1146,False,0.9668,IL-21 [NSU],healthy_pyroptosis,0.0146633582643872,False,False,False,False,none
0,apoptosis,healthy,-0.0428,-0.2977,0.212,False,0.7777,IL-22 BP [NSU],apoptosis_healthy,0.1091879010448756,False,False,False,False,none
1,apoptosis,pyroptosis,0.0939,-0.1627,0.3505,False,0.3075,IL-22 BP [NSU],apoptosis_pyroptosis,0.5121548798885645,False,False,False,False,none
2,healthy,pyroptosis,0.1367,0.0228,0.2506,True,0.0,IL-22 BP [NSU],healthy_pyroptosis,4.0,True,False,True,False,pyroptotic
0,apoptosis,healthy,0.0823,-0.183,0.3475,False,0.4276,IL-22 [NSU],apoptosis_healthy,0.3689623034632596,False,False,False,False,none
1,apoptosis,pyroptosis,0.201,-0.0661,0.4681,False,0.0081,IL-22 [NSU],apoptosis_pyroptosis,2.0915149811213505,True,False,False,True,apoptotic_vs_pyroptotic
2,healthy,pyroptosis,0.1187,0.0002,0.2373,True,0.0003,IL-22 [NSU],healthy_pyroptosis,3.5228787452803374,True,False,True,False,pyroptotic
0,apoptosis,healthy,0.0053,-0.289,0.2995,False,0.9972,IL-23 [NSU],apoptosis_healthy,0.0012177301682641,False,False,False,False,none
1,apoptosis,pyroptosis,-0.0642,-0.3605,0.232,False,0.659,IL-23 [NSU],apoptosis_pyroptosis,0.1811145854059901,False,False,False,False,none
2,healthy,pyroptosis,-0.0695,-0.201,0.062,False,0.0883,IL-23 [NSU],healthy_pyroptosis,1.0540392964224314,False,False,False,False,none
0,apoptosis,healthy,0.1354,-0.1413,0.4121,False,0.1238,IL-24 [NSU],apoptosis_healthy,0.9072793553159008,False,False,False,False,none
1,apoptosis,pyroptosis,-0.0912,-0.3699,0.1874,False,0.3881,IL-24 [NSU],apoptosis_pyroptosis,0.4110563572599851,False,False,False,False,none
2,healthy,pyroptosis,-0.2266,-0.3503,-0.103,True,0.0,IL-24 [NSU],healthy_pyroptosis,4.0,True,False,True,False,pyroptotic
0,apoptosis,healthy,-0.0154,-0.3139,0.2831,False,0.9766,IL-27 [NSU],apoptosis_healthy,0.0102832800518952,False,False,False,False,none
1,apoptosis,pyroptosis,-0.0161,-0.3167,0.2845,False,0.9747,IL-27 [NSU],apoptosis_pyroptosis,0.0111290339353547,False,False,False,False,none
2,healthy,pyroptosis,-0.0007,-0.1341,0.1327,False,0.9997,IL-27 [NSU],healthy_pyroptosis,0.0001303078917321,False,False,False,False,none
0,apoptosis,healthy,0.0009,-0.2525,0.2544,False,0.9999,IL-28A [NSU],apoptosis_healthy,4.34316198075056e-05,False,False,False,False,none
1,apoptosis,pyroptosis,-0.141,-0.3962,0.1142,False,0.0706,IL-28A [NSU],apoptosis_pyroptosis,1.1511952989481964,False,False,False,False,none
2,healthy,pyroptosis,-0.142,-0.2553,-0.0287,True,0.0,IL-28A [NSU],healthy_pyroptosis,4.0,True,False,True,False,pyroptotic
0,apoptosis,healthy,-0.0539,-0.3388,0.231,False,0.7275,IL-29 [NSU],apoptosis_healthy,0.1381670023420551,False,False,False,False,none
1,apoptosis,pyroptosis,0.0246,-0.2622,0.3114,False,0.9365,IL-29 [NSU],apoptosis_pyroptosis,0.0284922182887438,False,False,False,False,none
2,healthy,pyroptosis,0.0785,-0.0488,0.2058,False,0.0377,IL-29 [NSU],healthy_pyroptosis,1.4236586497942072,True,False,True,False,pyroptotic
0,apoptosis,healthy,-0.053,-0.3484,0.2425,False,0.7516,IL-3 [NSU],apoptosis_healthy,0.1240132285715119,False,False,False,False,none
1,apoptosis,pyroptosis,-0.0181,-0.3156,0.2794,False,0.9675,IL-3 [NSU],apoptosis_pyroptosis,0.0143490263090509,False,False,False,False,none
2,healthy,pyroptosis,0.0349,-0.0972,0.1669,False,0.5394,IL-3 [NSU],healthy_pyroptosis,0.2680890578831276,False,False,False,False,none
0,apoptosis,healthy,-0.0525,-0.3273,0.2224,False,0.7233,IL-31 [NSU],apoptosis_healthy,0.1406815349028838,False,False,False,False,none
1,apoptosis,pyroptosis,-0.1834,-0.4602,0.0933,False,0.023,IL-31 [NSU],apoptosis_pyroptosis,1.6382721639824072,True,False,False,True,apoptotic_vs_pyroptotic
2,healthy,pyroptosis,-0.131,-0.2538,-0.0081,True,0.0001,IL-31 [NSU],healthy_pyroptosis,4.0,True,False,True,False,pyroptotic
0,apoptosis,healthy,-0.0399,-0.3013,0.2216,False,0.8133,IL-32 (alpha) [NSU],apoptosis_healthy,0.0897492276998519,False,False,False,False,none
1,apoptosis,pyroptosis,-0.1429,-0.4061,0.1204,False,0.0774,IL-32 (alpha) [NSU],apoptosis_pyroptosis,1.1112590393171071,False,False,False,False,none
2,healthy,pyroptosis,-0.103,-0.2199,0.0138,False,0.0015,IL-32 (alpha) [NSU],healthy_pyroptosis,2.8239087409443187,True,False,True,False,pyroptotic
0,apoptosis,healthy,0.0979,-0.1759,0.3717,False,0.3243,IL-33 [NSU],apoptosis_healthy,0.4890530513270272,False,False,False,False,none
1,apoptosis,pyroptosis,0.0695,-0.2062,0.3452,False,0.5697,IL-33 [NSU],apoptosis_pyroptosis,0.24435378054332,False,False,False,False,none
2,healthy,pyroptosis,-0.0284,-0.1508,0.0939,False,0.6195,IL-33 [NSU],healthy_pyroptosis,0.2079586892879177,False,False,False,False,none
0,apoptosis,healthy,-0.0235,-0.2837,0.2366,False,0.9296,IL-35 [NSU],apoptosis_healthy,0.0317038849537444,False,False,False,False,none
1,apoptosis,pyroptosis,0.0198,-0.2421,0.2817,False,0.9502,IL-35 [NSU],apoptosis_pyroptosis,0.0221849739168133,False,False,False,False,none
2,healthy,pyroptosis,0.0434,-0.0729,0.1596,False,0.2936,IL-35 [NSU],healthy_pyroptosis,0.532243948755967,False,False,False,False,none
0,apoptosis,healthy,0.0071,-0.2419,0.2561,False,0.9927,IL-4 [NSU],apoptosis_healthy,0.0031819781204845,False,False,False,False,none
1,apoptosis,pyroptosis,0.1057,-0.145,0.3564,False,0.2102,IL-4 [NSU],apoptosis_pyroptosis,0.6773672883077766,False,False,False,False,none
2,healthy,pyroptosis,0.0986,-0.0127,0.2098,False,0.0014,IL-4 [NSU],healthy_pyroptosis,2.853871964321762,True,False,True,False,pyroptotic
0,apoptosis,healthy,-0.009,-0.2216,0.2035,False,0.984,IL-5 [NSU],apoptosis_healthy,0.0070049015686584,False,False,False,False,none
1,apoptosis,pyroptosis,0.0952,-0.1188,0.3092,False,0.1767,IL-5 [NSU],apoptosis_pyroptosis,0.7527634504932359,False,False,False,False,none
2,healthy,pyroptosis,0.1042,0.0093,0.1992,True,0.0001,IL-5 [NSU],healthy_pyroptosis,4.0,True,False,True,False,pyroptotic
0,apoptosis,healthy,-0.2888,-0.5117,-0.0658,True,0.0,IL-6 R alpha [NSU],apoptosis_healthy,4.0,True,True,False,False,apoptotic
1,apoptosis,pyroptosis,0.0126,-0.2118,0.2371,False,0.9722,IL-6 R alpha [NSU],apoptosis_pyroptosis,0.0122443832614766,False,False,False,False,none
2,healthy,pyroptosis,0.3014,0.2018,0.401,True,0.0,IL-6 R alpha [NSU],healthy_pyroptosis,4.0,True,False,True,False,pyroptotic
0,apoptosis,healthy,0.0189,-0.2314,0.2693,False,0.9502,IL-6 [NSU],apoptosis_healthy,0.0221849739168133,False,False,False,False,none
1,apoptosis,pyroptosis,0.802,0.5499,1.054,True,0.0,IL-6 [NSU],apoptosis_pyroptosis,4.0,True,False,False,True,apoptotic_vs_pyroptotic
2,healthy,pyroptosis,0.783,0.6711,0.8949,True,0.0,IL-6 [NSU],healthy_pyroptosis,4.0,True,False,True,False,pyroptotic
0,apoptosis,healthy,0.0074,-0.2307,0.2456,False,0.9914,IL-7 [NSU],apoptosis_healthy,0.0037510854308679,False,False,False,False,none
1,apoptosis,pyroptosis,0.058,-0.1817,0.2978,False,0.595,IL-7 [NSU],apoptosis_pyroptosis,0.2254830342714504,False,False,False,False,none
2,healthy,pyroptosis,0.0506,-0.0558,0.157,False,0.1389,IL-7 [NSU],healthy_pyroptosis,0.8572977542623844,False,False,False,False,none
0,apoptosis,healthy,-0.2495,-0.4954,-0.0036,True,0.0002,IL-8 [NSU],apoptosis_healthy,3.6989700043360183,True,True,False,False,apoptotic
1,apoptosis,pyroptosis,0.1431,-0.1045,0.3906,False,0.0555,IL-8 [NSU],apoptosis_pyroptosis,1.2557070168773237,False,False,False,False,none
2,healthy,pyroptosis,0.3926,0.2827,0.5025,True,0.0,IL-8 [NSU],healthy_pyroptosis,4.0,True,False,True,False,pyroptotic
0,apoptosis,healthy,-0.0249,-0.2997,0.2499,False,0.9296,IL-9 [NSU],apoptosis_healthy,0.0317038849537444,False,False,False,False,none
1,apoptosis,pyroptosis,-0.0221,-0.2987,0.2546,False,0.9449,IL-9 [NSU],apoptosis_pyroptosis,0.0246141510105326,False,False,False,False,none
2,healthy,pyroptosis,0.0028,-0.12,0.1256,False,0.9953,IL-9 [NSU],healthy_pyroptosis,0.002045995930597,False,False,False,False,none
0,apoptosis,healthy,-0.0694,-0.3459,0.2071,False,0.5722,LIF [NSU],apoptosis_healthy,0.2424521465307561,False,False,False,False,none
1,apoptosis,pyroptosis,-0.1445,-0.4229,0.1339,False,0.0959,LIF [NSU],apoptosis_pyroptosis,1.0181813928293364,False,False,False,False,none
2,healthy,pyroptosis,-0.0751,-0.1987,0.0485,False,0.0412,LIF [NSU],healthy_pyroptosis,1.3851027839668657,True,False,True,False,pyroptotic
0,apoptosis,healthy,0.0042,-0.2073,0.2157,False,0.9965,LOX1 (OLR1) [NSU],apoptosis_healthy,0.0015226969634935,False,False,False,False,none
1,apoptosis,pyroptosis,0.4722,0.2593,0.6851,True,0.0,LOX1 (OLR1) [NSU],apoptosis_pyroptosis,4.0,True,False,False,True,apoptotic_vs_pyroptotic
2,healthy,pyroptosis,0.468,0.3735,0.5625,True,0.0,LOX1 (OLR1) [NSU],healthy_pyroptosis,4.0,True,False,True,False,pyroptotic
0,apoptosis,healthy,-0.0051,-0.2798,0.2696,False,0.9969,Leptin [NSU],apoptosis_healthy,0.0013484040016265,False,False,False,False,none
1,apoptosis,pyroptosis,-0.0989,-0.3754,0.1776,False,0.324,Leptin [NSU],apoptosis_pyroptosis,0.4894549897933878,False,False,False,False,none
2,healthy,pyroptosis,-0.0938,-0.2166,0.0289,False,0.0071,Leptin [NSU],healthy_pyroptosis,2.1487416512809245,True,False,True,False,pyroptotic
0,apoptosis,healthy,-0.2128,-0.5056,0.08,False,0.0111,M-CSF R (CD115) [NSU],apoptosis_healthy,1.9546770212133424,True,True,False,False,apoptotic
1,apoptosis,pyroptosis,-0.2342,-0.529,0.0607,False,0.0048,M-CSF R (CD115) [NSU],apoptosis_pyroptosis,2.318758762624413,True,False,False,True,apoptotic_vs_pyroptotic
2,healthy,pyroptosis,-0.0214,-0.1522,0.1095,False,0.7889,M-CSF R (CD115) [NSU],healthy_pyroptosis,0.1029780439396366,False,False,False,False,none
0,apoptosis,healthy,-0.0359,-0.2424,0.1706,False,0.7645,M-CSF [NSU],apoptosis_healthy,0.1166225102516611,False,False,False,False,none
1,apoptosis,pyroptosis,-0.0952,-0.3032,0.1127,False,0.1595,M-CSF [NSU],apoptosis_pyroptosis,0.7972393126068,False,False,False,False,none
2,healthy,pyroptosis,-0.0594,-0.1516,0.0329,False,0.0285,M-CSF [NSU],healthy_pyroptosis,1.5451551399914898,True,False,True,False,pyroptotic
0,apoptosis,healthy,0.1298,-0.1414,0.4009,False,0.1352,MIF [NSU],apoptosis_healthy,0.8690233083943829,False,False,False,False,none
1,apoptosis,pyroptosis,0.4467,0.1737,0.7196,True,0.0,MIF [NSU],apoptosis_pyroptosis,4.0,True,False,False,True,apoptotic_vs_pyroptotic
2,healthy,pyroptosis,0.3169,0.1957,0.4381,True,0.0,MIF [NSU],healthy_pyroptosis,4.0,True,False,True,False,pyroptotic
0,apoptosis,healthy,-0.0022,-0.3582,0.3538,False,0.9997,MMP-1 [NSU],apoptosis_healthy,0.0001303078917321,False,False,False,False,none
1,apoptosis,pyroptosis,0.1318,-0.2267,0.4902,False,0.3043,MMP-1 [NSU],apoptosis_pyroptosis,0.5166980476418328,False,False,False,False,none
2,healthy,pyroptosis,0.1339,-0.0252,0.293,False,0.0026,MMP-1 [NSU],healthy_pyroptosis,2.585026652029182,True,False,True,False,pyroptotic
0,apoptosis,healthy,-0.0639,-0.2715,0.1437,False,0.4331,MMP-10 [NSU],apoptosis_healthy,0.3634118162701577,False,False,False,False,none
1,apoptosis,pyroptosis,0.1521,-0.0569,0.3611,False,0.011,MMP-10 [NSU],apoptosis_pyroptosis,1.958607314841775,True,False,False,True,apoptotic_vs_pyroptotic
2,healthy,pyroptosis,0.216,0.1232,0.3088,True,0.0,MMP-10 [NSU],healthy_pyroptosis,4.0,True,False,True,False,pyroptotic
0,apoptosis,healthy,-0.0242,-0.284,0.2357,False,0.9258,MMP-12 [NSU],apoptosis_healthy,0.0334828235532081,False,False,False,False,none
1,apoptosis,pyroptosis,-0.0688,-0.3304,0.1928,False,0.5419,MMP-12 [NSU],apoptosis_pyroptosis,0.2660808489876091,False,False,False,False,none
2,healthy,pyroptosis,-0.0446,-0.1608,0.0715,False,0.2727,MMP-12 [NSU],healthy_pyroptosis,0.5643148620583701,False,False,False,False,none
0,apoptosis,healthy,-0.0005,-0.2569,0.256,False,1.0,MMP-2 [NSU],apoptosis_healthy,-0.0,False,False,False,False,none
1,apoptosis,pyroptosis,-0.0846,-0.3428,0.1736,False,0.3877,MMP-2 [NSU],apoptosis_pyroptosis,0.41150419899279,False,False,False,False,none
2,healthy,pyroptosis,-0.0841,-0.1987,0.0305,False,0.0102,MMP-2 [NSU],healthy_pyroptosis,1.9913998282380825,True,False,True,False,pyroptotic
0,apoptosis,healthy,-0.0199,-0.2167,0.1769,False,0.913,MMP-3 [NSU],apoptosis_healthy,0.039529222465701,False,False,False,False,none
1,apoptosis,pyroptosis,-0.0192,-0.2173,0.179,False,0.92,MMP-3 [NSU],apoptosis_pyroptosis,0.0362121726544447,False,False,False,False,none
2,healthy,pyroptosis,0.0007,-0.0872,0.0887,False,0.9994,MMP-3 [NSU],healthy_pyroptosis,0.0002606548934319,False,False,False,False,none
0,apoptosis,healthy,-0.0477,-0.3165,0.2212,False,0.7562,MMP-7 [NSU],apoptosis_healthy,0.1213633269734831,False,False,False,False,none
1,apoptosis,pyroptosis,-0.0283,-0.299,0.2423,False,0.9069,MMP-7 [NSU],apoptosis_pyroptosis,0.0424405981025204,False,False,False,False,none
2,healthy,pyroptosis,0.0193,-0.1008,0.1395,False,0.7945,MMP-7 [NSU],healthy_pyroptosis,0.0999060984566016,False,False,False,False,none
0,apoptosis,healthy,0.0588,-0.1539,0.2716,False,0.5081,MMP-9 [NSU],apoptosis_healthy,0.2940508050897043,False,False,False,False,none
1,apoptosis,pyroptosis,0.4955,0.2813,0.7097,True,0.0,MMP-9 [NSU],apoptosis_pyroptosis,4.0,True,False,False,True,apoptotic_vs_pyroptotic
2,healthy,pyroptosis,0.4366,0.3416,0.5317,True,0.0,MMP-9 [NSU],healthy_pyroptosis,4.0,True,False,True,False,pyroptotic
0,apoptosis,healthy,-0.0484,-0.3054,0.2085,False,0.7291,Mesothelin [NSU],apoptosis_healthy,0.1372129017646556,False,False,False,False,none
1,apoptosis,pyroptosis,-0.1989,-0.4576,0.0598,False,0.0067,Mesothelin [NSU],apoptosis_pyroptosis,2.1739251972991736,True,False,False,True,apoptotic_vs_pyroptotic
2,healthy,pyroptosis,-0.1505,-0.2653,-0.0356,True,0.0,Mesothelin [NSU],healthy_pyroptosis,4.0,True,False,True,False,pyroptotic
0,apoptosis,healthy,0.0912,-0.1341,0.3165,False,0.237,NF-L [NSU],apoptosis_healthy,0.6252516539898961,False,False,False,False,none
1,apoptosis,pyroptosis,0.0452,-0.1816,0.272,False,0.7027,NF-L [NSU],apoptosis_pyroptosis,0.1532300464627812,False,False,False,False,none
2,healthy,pyroptosis,-0.046,-0.1467,0.0547,False,0.161,NF-L [NSU],healthy_pyroptosis,0.7931741239681502,False,False,False,False,none
0,apoptosis,healthy,0.0581,-0.2458,0.3619,False,0.723,NGF beta [NSU],apoptosis_healthy,0.1408617027054692,False,False,False,False,none
1,apoptosis,pyroptosis,0.1224,-0.1835,0.4283,False,0.2449,NGF beta [NSU],apoptosis_pyroptosis,0.6110112148752859,False,False,False,False,none
2,healthy,pyroptosis,0.0644,-0.0714,0.2001,False,0.1405,NGF beta [NSU],healthy_pyroptosis,0.8523236757589012,False,False,False,False,none
0,apoptosis,healthy,0.0156,-0.2329,0.264,False,0.9656,NRG1 beta 1 [NSU],apoptosis_healthy,0.0152027429107071,False,False,False,False,none
1,apoptosis,pyroptosis,0.1035,-0.1466,0.3537,False,0.2223,NRG1 beta 1 [NSU],apoptosis_pyroptosis,0.6530605373010094,False,False,False,False,none
2,healthy,pyroptosis,0.088,-0.0231,0.199,False,0.005,NRG1 beta 1 [NSU],healthy_pyroptosis,2.3010299956639813,True,False,True,False,pyroptotic
0,apoptosis,healthy,0.0228,-0.1988,0.2443,False,0.9101,Oncostatin M (OSM) [NSU],apoptosis_healthy,0.0409108856326078,False,False,False,False,none
1,apoptosis,pyroptosis,0.4952,0.2722,0.7183,True,0.0,Oncostatin M (OSM) [NSU],apoptosis_pyroptosis,4.0,True,False,False,True,apoptotic_vs_pyroptotic
2,healthy,pyroptosis,0.4725,0.3735,0.5715,True,0.0,Oncostatin M (OSM) [NSU],healthy_pyroptosis,4.0,True,False,True,False,pyroptotic
0,apoptosis,healthy,-0.7458,-0.8156,-0.6759,True,0.0,Osteopontin (OPN) [NSU],apoptosis_healthy,4.0,True,True,False,False,apoptotic
1,apoptosis,pyroptosis,-0.8089,-0.8792,-0.7386,True,0.0,Osteopontin (OPN) [NSU],apoptosis_pyroptosis,4.0,True,False,False,True,apoptotic_vs_pyroptotic
2,healthy,pyroptosis,-0.0632,-0.0944,-0.0319,True,0.0,Osteopontin (OPN) [NSU],healthy_pyroptosis,4.0,True,False,True,False,pyroptotic
0,apoptosis,healthy,-0.0052,-0.2348,0.2243,False,0.9954,PCSK9 [NSU],apoptosis_healthy,0.0020023635919956,False,False,False,False,none
1,apoptosis,pyroptosis,-0.0026,-0.2337,0.2284,False,0.9988,PCSK9 [NSU],apoptosis_pyroptosis,0.0005214663206898,False,False,False,False,none
2,healthy,pyroptosis,0.0026,-0.1,0.1052,False,0.9944,PCSK9 [NSU],healthy_pyroptosis,0.0024388843664116,False,False,False,False,none
0,apoptosis,healthy,0.0022,-0.2319,0.2362,False,0.9992,PDGF-BB [NSU],apoptosis_healthy,0.0003475746339209,False,False,False,False,none
1,apoptosis,pyroptosis,-0.0521,-0.2878,0.1835,False,0.6478,PDGF-BB [NSU],apoptosis_pyroptosis,0.1885590563258418,False,False,False,False,none
2,healthy,pyroptosis,-0.0543,-0.1589,0.0503,False,0.0958,PDGF-BB [NSU],healthy_pyroptosis,1.0186344909214555,False,False,False,False,none
0,apoptosis,healthy,0.0047,-0.2807,0.29,False,0.9976,PLGF [NSU],apoptosis_healthy,0.0010435595295137,False,False,False,False,none
1,apoptosis,pyroptosis,-0.1102,-0.3975,0.1772,False,0.2744,PLGF [NSU],apoptosis_pyroptosis,0.5616158929652859,False,False,False,False,none
2,healthy,pyroptosis,-0.1148,-0.2424,0.0127,False,0.0012,PLGF [NSU],healthy_pyroptosis,2.920818753952376,True,False,True,False,pyroptotic
0,apoptosis,healthy,-0.0162,-0.2383,0.2058,False,0.9534,PTX3 (Pentraxin 3) [NSU],apoptosis_healthy,0.0207248524089768,False,False,False,False,none
1,apoptosis,pyroptosis,0.2707,0.0471,0.4943,True,0.0,PTX3 (Pentraxin 3) [NSU],apoptosis_pyroptosis,4.0,True,False,False,True,apoptotic_vs_pyroptotic
2,healthy,pyroptosis,0.2869,0.1877,0.3862,True,0.0,PTX3 (Pentraxin 3) [NSU],healthy_pyroptosis,4.0,True,False,True,False,pyroptotic
0,apoptosis,healthy,0.0355,-0.2026,0.2737,False,0.8203,Resistin [NSU],apoptosis_healthy,0.0860272884490288,False,False,False,False,none
1,apoptosis,pyroptosis,0.1899,-0.0499,0.4296,False,0.005,Resistin [NSU],apoptosis_pyroptosis,2.3010299956639813,True,False,False,True,apoptotic_vs_pyroptotic
2,healthy,pyroptosis,0.1543,0.0479,0.2608,True,0.0,Resistin [NSU],healthy_pyroptosis,4.0,True,False,True,False,pyroptotic
0,apoptosis,healthy,0.0605,-0.2384,0.3595,False,0.6947,SAA [NSU],apoptosis_healthy,0.1582027011256447,False,False,False,False,none
1,apoptosis,pyroptosis,-0.0138,-0.3148,0.2872,False,0.9815,SAA [NSU],apoptosis_pyroptosis,0.0081096960639749,False,False,False,False,none
2,healthy,pyroptosis,-0.0743,-0.2079,0.0593,False,0.0684,SAA [NSU],healthy_pyroptosis,1.164943898279884,False,False,False,False,none
0,apoptosis,healthy,0.0401,-0.2209,0.3011,False,0.8107,SCF [NSU],apoptosis_healthy,0.0911398269827234,False,False,False,False,none
1,apoptosis,pyroptosis,-0.0285,-0.2913,0.2344,False,0.9009,SCF [NSU],apoptosis_pyroptosis,0.0453234130813564,False,False,False,False,none
2,healthy,pyroptosis,-0.0685,-0.1852,0.0481,False,0.0505,SCF [NSU],healthy_pyroptosis,1.2967086218813386,False,False,False,False,none
0,apoptosis,healthy,0.0533,-0.205,0.3115,False,0.6853,ST2 (IL-33R) [NSU],apoptosis_healthy,0.1641192681826053,False,False,False,False,none
1,apoptosis,pyroptosis,0.1208,-0.1392,0.3809,False,0.1513,ST2 (IL-33R) [NSU],apoptosis_pyroptosis,0.8201610719768133,False,False,False,False,none
2,healthy,pyroptosis,0.0676,-0.0479,0.183,False,0.0516,ST2 (IL-33R) [NSU],healthy_pyroptosis,1.2873502983727887,False,False,False,False,none
0,apoptosis,healthy,-0.0488,-0.2922,0.1946,False,0.6999,TGF-beta 1 (LAP domain in precursor) [NSU],apoptosis_healthy,0.1549640064865849,False,False,False,False,none
1,apoptosis,pyroptosis,0.0551,-0.1899,0.3001,False,0.6385,TGF-beta 1 (LAP domain in precursor) [NSU],apoptosis_pyroptosis,0.1948390984005659,False,False,False,False,none
2,healthy,pyroptosis,0.1039,-0.0049,0.2126,False,0.0005,TGF-beta 1 (LAP domain in precursor) [NSU],healthy_pyroptosis,3.3010299956639813,True,False,True,False,pyroptotic
0,apoptosis,healthy,-0.0308,-0.2735,0.2118,False,0.8662,TGF-beta 1 (total) [NSU],apoptosis_healthy,0.0623818206061764,False,False,False,False,none
1,apoptosis,pyroptosis,-0.0369,-0.2812,0.2074,False,0.8163,TGF-beta 1 (total) [NSU],apoptosis_pyroptosis,0.0881502035005798,False,False,False,False,none
2,healthy,pyroptosis,-0.0061,-0.1145,0.1024,False,0.9724,TGF-beta 1 (total) [NSU],healthy_pyroptosis,0.0121550498287018,False,False,False,False,none
0,apoptosis,healthy,0.0324,-0.2204,0.2851,False,0.8642,TGF-beta 2 [NSU],apoptosis_healthy,0.0633857380247887,False,False,False,False,none
1,apoptosis,pyroptosis,0.0069,-0.2475,0.2614,False,0.9935,TGF-beta 2 [NSU],apoptosis_pyroptosis,0.002832128554166,False,False,False,False,none
2,healthy,pyroptosis,-0.0255,-0.1384,0.0875,False,0.6372,TGF-beta 2 [NSU],healthy_pyroptosis,0.1957242328709061,False,False,False,False,none
0,apoptosis,healthy,0.0072,-0.2589,0.2732,False,0.9936,TGF-beta 3 [NSU],apoptosis_healthy,0.002788417167495,False,False,False,False,none
1,apoptosis,pyroptosis,0.0686,-0.1992,0.3365,False,0.5589,TGF-beta 3 [NSU],apoptosis_pyroptosis,0.252665890384095,False,False,False,False,none
2,healthy,pyroptosis,0.0615,-0.0574,0.1804,False,0.0977,TGF-beta 3 [NSU],healthy_pyroptosis,1.010105436281227,False,False,False,False,none
0,apoptosis,healthy,-0.1629,-0.4853,0.1594,False,0.1079,TIMP1 [NSU],apoptosis_healthy,0.9669785553170892,False,False,False,False,none
1,apoptosis,pyroptosis,-0.1679,-0.4924,0.1566,False,0.0973,TIMP1 [NSU],apoptosis_pyroptosis,1.011887159731648,False,False,False,False,none
2,healthy,pyroptosis,-0.005,-0.149,0.1391,False,0.9895,TIMP1 [NSU],healthy_pyroptosis,0.0045842014575849,False,False,False,False,none
0,apoptosis,healthy,-0.0311,-0.2789,0.2168,False,0.8696,TNF RI [NSU],apoptosis_healthy,0.0606804689217618,False,False,False,False,none
1,apoptosis,pyroptosis,-0.0784,-0.328,0.1712,False,0.4181,TNF RI [NSU],apoptosis_pyroptosis,0.3787198324495852,False,False,False,False,none
2,healthy,pyroptosis,-0.0474,-0.1581,0.0634,False,0.2014,TNF RI [NSU],healthy_pyroptosis,0.6959405337824008,False,False,False,False,none
0,apoptosis,healthy,-0.2338,-0.519,0.0515,False,0.0035,TNF RII [NSU],apoptosis_healthy,2.4559319556497243,True,True,False,False,apoptotic
1,apoptosis,pyroptosis,0.0371,-0.2501,0.3243,False,0.8617,TNF RII [NSU],apoptosis_pyroptosis,0.0646439070544268,False,False,False,False,none
2,healthy,pyroptosis,0.2709,0.1434,0.3984,True,0.0,TNF RII [NSU],healthy_pyroptosis,4.0,True,False,True,False,pyroptotic
0,apoptosis,healthy,0.0273,-0.2101,0.2646,False,0.8893,TNF RIII (Lymphotoxin Beta R) [NSU],apoptosis_healthy,0.0509517076843362,False,False,False,False,none
1,apoptosis,pyroptosis,0.053,-0.186,0.2921,False,0.6458,TNF RIII (Lymphotoxin Beta R) [NSU],apoptosis_pyroptosis,0.1899019593188571,False,False,False,False,none
2,healthy,pyroptosis,0.0258,-0.0803,0.1319,False,0.5919,TNF RIII (Lymphotoxin Beta R) [NSU],healthy_pyroptosis,0.2277516600281463,False,False,False,False,none
0,apoptosis,healthy,0.0283,-0.1683,0.2249,False,0.8318,TNF alpha [NSU],apoptosis_healthy,0.0799810839710851,False,False,False,False,none
1,apoptosis,pyroptosis,0.7669,0.5689,0.9648,True,0.0,TNF alpha [NSU],apoptosis_pyroptosis,4.0,True,False,False,True,apoptotic_vs_pyroptotic
2,healthy,pyroptosis,0.7386,0.6507,0.8264,True,0.0,TNF alpha [NSU],healthy_pyroptosis,4.0,True,False,True,False,pyroptotic
0,apoptosis,healthy,0.0257,-0.2287,0.2801,False,0.9132,TPO (Thrombopoietin) [NSU],apoptosis_healthy,0.0394340971818023,False,False,False,False,none
1,apoptosis,pyroptosis,0.0013,-0.2549,0.2575,False,0.9998,TPO (Thrombopoietin) [NSU],apoptosis_pyroptosis,8.686758342857122e-05,False,False,False,False,none
2,healthy,pyroptosis,-0.0244,-0.1381,0.0893,False,0.6647,TPO (Thrombopoietin) [NSU],healthy_pyroptosis,0.1773743212258592,False,False,False,False,none
0,apoptosis,healthy,-0.0557,-0.263,0.1517,False,0.528,TRAIL [NSU],apoptosis_healthy,0.2773660774661877,False,False,False,False,none
1,apoptosis,pyroptosis,-0.1382,-0.347,0.0705,False,0.0232,TRAIL [NSU],apoptosis_pyroptosis,1.6345120151091004,True,False,False,True,apoptotic_vs_pyroptotic
2,healthy,pyroptosis,-0.0825,-0.1752,0.0101,False,0.0013,TRAIL [NSU],healthy_pyroptosis,2.886056647693163,True,False,True,False,pyroptotic
0,apoptosis,healthy,0.0478,-0.202,0.2975,False,0.7226,TREM2 [NSU],apoptosis_healthy,0.1411020427679965,False,False,False,False,none
1,apoptosis,pyroptosis,-0.1213,-0.3728,0.1302,False,0.1311,TREM2 [NSU],apoptosis_pyroptosis,0.8823973083099157,False,False,False,False,none
2,healthy,pyroptosis,-0.1691,-0.2807,-0.0574,True,0.0,TREM2 [NSU],healthy_pyroptosis,4.0,True,False,True,False,pyroptotic
0,apoptosis,healthy,0.0418,-0.2074,0.291,False,0.7788,TSLP [NSU],apoptosis_healthy,0.1085740571520059,False,False,False,False,none
1,apoptosis,pyroptosis,0.1359,-0.115,0.3868,False,0.0782,TSLP [NSU],apoptosis_pyroptosis,1.106793246940152,False,False,False,False,none
2,healthy,pyroptosis,0.0941,-0.0173,0.2055,False,0.0025,TSLP [NSU],healthy_pyroptosis,2.6020599913279625,True,False,True,False,pyroptotic
0,apoptosis,healthy,-0.031,-0.3217,0.2598,False,0.904,TWEAK [NSU],apoptosis_healthy,0.0438315695246366,False,False,False,False,none
1,apoptosis,pyroptosis,0.0092,-0.2835,0.302,False,0.9912,TWEAK [NSU],apoptosis_pyroptosis,0.0038387066319929,False,False,False,False,none
2,healthy,pyroptosis,0.0402,-0.0898,0.1701,False,0.4299,TWEAK [NSU],healthy_pyroptosis,0.366632554882993,False,False,False,False,none
0,apoptosis,healthy,-0.0566,-0.3264,0.2132,False,0.6768,Tie-2 [NSU],apoptosis_healthy,0.1695396499690329,False,False,False,False,none
1,apoptosis,pyroptosis,0.017,-0.2547,0.2886,False,0.9658,Tie-2 [NSU],apoptosis_pyroptosis,0.0151127989356723,False,False,False,False,none
2,healthy,pyroptosis,0.0735,-0.047,0.1941,False,0.0404,Tie-2 [NSU],healthy_pyroptosis,1.393618634889395,True,False,True,False,pyroptotic
0,apoptosis,healthy,0.0886,-0.1848,0.3619,False,0.3955,Tissue Factor (TF) [NSU],apoptosis_healthy,0.4028535121663046,False,False,False,False,none
1,apoptosis,pyroptosis,0.1676,-0.1076,0.4428,False,0.0407,Tissue Factor (TF) [NSU],apoptosis_pyroptosis,1.39040559077478,True,False,False,True,apoptotic_vs_pyroptotic
2,healthy,pyroptosis,0.079,-0.0431,0.2012,False,0.0274,Tissue Factor (TF) [NSU],healthy_pyroptosis,1.562249437179612,True,False,True,False,pyroptotic
0,apoptosis,healthy,0.0305,-0.2181,0.2791,False,0.8746,VCAM-1 [NSU],apoptosis_healthy,0.0581905269911617,False,False,False,False,none
1,apoptosis,pyroptosis,0.0946,-0.1557,0.3449,False,0.2845,VCAM-1 [NSU],apoptosis_pyroptosis,0.54591772926891,False,False,False,False,none
2,healthy,pyroptosis,0.0641,-0.047,0.1752,False,0.056,VCAM-1 [NSU],healthy_pyroptosis,1.2518119729937995,False,False,False,False,none
0,apoptosis,healthy,-0.0364,-0.2763,0.2036,False,0.8152,VEGF Receptor 2 (Flk-1) [NSU],apoptosis_healthy,0.0887358290016299,False,False,False,False,none
1,apoptosis,pyroptosis,-0.0281,-0.2696,0.2135,False,0.8868,VEGF Receptor 2 (Flk-1) [NSU],apoptosis_pyroptosis,0.0521743155575494,False,False,False,False,none
2,healthy,pyroptosis,0.0083,-0.0989,0.1155,False,0.948,VEGF Receptor 2 (Flk-1) [NSU],healthy_pyroptosis,0.0231916626619337,False,False,False,False,none
0,apoptosis,healthy,0.2948,-0.0207,0.6103,False,0.0007,VEGF-A (165) [NSU],apoptosis_healthy,3.154901959985743,True,True,False,False,apoptotic
1,apoptosis,pyroptosis,0.2194,-0.0982,0.5371,False,0.0169,VEGF-A (165) [NSU],apoptosis_pyroptosis,1.7721132953863266,True,False,False,True,apoptotic_vs_pyroptotic
2,healthy,pyroptosis,-0.0753,-0.2163,0.0656,False,0.0836,VEGF-A (165) [NSU],healthy_pyroptosis,1.0777937225609835,False,False,False,False,none
0,apoptosis,healthy,0.0272,-0.2096,0.2641,False,0.8889,VEGF-C [NSU],apoptosis_healthy,0.0511470938002864,False,False,False,False,none
1,apoptosis,pyroptosis,-0.1024,-0.3408,0.1361,False,0.1987,VEGF-C [NSU],apoptosis_pyroptosis,0.7018021328901849,False,False,False,False,none
2,healthy,pyroptosis,-0.1296,-0.2354,-0.0238,True,0.0,VEGF-C [NSU],healthy_pyroptosis,4.0,True,False,True,False,pyroptotic
0,apoptosis,healthy,-0.0032,-0.3077,0.3013,False,0.999,VEGF-D [NSU],apoptosis_healthy,0.0004345117740176,False,False,False,False,none
1,apoptosis,pyroptosis,0.0247,-0.2819,0.3313,False,0.9438,VEGF-D [NSU],apoptosis_pyroptosis,0.0251200269930695,False,False,False,False,none
2,healthy,pyroptosis,0.0279,-0.1082,0.164,False,0.6882,VEGF-D [NSU],healthy_pyroptosis,0.1622853317150886,False,False,False,False,none
0,apoptosis,healthy,-0.2225,-0.5293,0.0842,False,0.0113,VEGFR-1 [NSU],apoptosis_healthy,1.9469215565165805,True,True,False,False,apoptotic
1,apoptosis,pyroptosis,-0.0438,-0.3526,0.2651,False,0.8363,VEGFR-1 [NSU],apoptosis_pyroptosis,0.0776379032152099,False,False,False,False,none
2,healthy,pyroptosis,0.1788,0.0417,0.3159,True,0.0,VEGFR-1 [NSU],healthy_pyroptosis,4.0,True,False,True,False,pyroptotic
0,apoptosis,healthy,0.0268,-0.2509,0.3044,False,0.9206,WISP-1 (CCN4) [NSU],apoptosis_healthy,0.0359290294420445,False,False,False,False,none
1,apoptosis,pyroptosis,0.0491,-0.2305,0.3287,False,0.76,WISP-1 (CCN4) [NSU],apoptosis_pyroptosis,0.1191864077192086,False,False,False,False,none
2,healthy,pyroptosis,0.0224,-0.1017,0.1465,False,0.7492,WISP-1 (CCN4) [NSU],healthy_pyroptosis,0.1254022312968002,False,False,False,False,none
0,apoptosis,healthy,-0.081,-0.3327,0.1707,False,0.4005,XCL1 (Lymphotactin) [NSU],apoptosis_healthy,0.3973974795797435,False,False,False,False,none
1,apoptosis,pyroptosis,-0.0027,-0.2561,0.2507,False,0.999,XCL1 (Lymphotactin) [NSU],apoptosis_pyroptosis,0.0004345117740176,False,False,False,False,none
2,healthy,pyroptosis,0.0783,-0.0342,0.1908,False,0.0159,XCL1 (Lymphotactin) [NSU],healthy_pyroptosis,1.7986028756795485,True,False,True,False,pyroptotic
0,apoptosis,healthy,0.0931,-0.1704,0.3566,False,0.3328,uPA [NSU],apoptosis_healthy,0.4778166823813137,False,False,False,False,none
1,apoptosis,pyroptosis,0.1325,-0.1328,0.3978,False,0.1137,uPA [NSU],apoptosis_pyroptosis,0.9442395353122652,False,False,False,False,none
2,healthy,pyroptosis,0.0394,-0.0784,0.1571,False,0.3725,uPA [NSU],healthy_pyroptosis,0.4288737229156883,False,False,False,False,none
